"","Kingdom","Phylum","Class","Order","Family","Genus","Species","otu_abundance"
"ASV_1","Fungi","Unassigned","Unassigned","Unassigned","Unassigned","Unassigned","Unassigned",8045
"ASV_9","Fungi","Unassigned","Unassigned","Unassigned","Unassigned","Unassigned","Unassigned",10041
"ASV_2","Fungi","Ascomycota","Eurotiomycetes","Eurotiales","Trichocomaceae","Talaromyces","Unassigned",2
"ASV_7","Fungi","Ascomycota","Sordariomycetes","Sordariales","Unassigned","Unassigned","Unassigned",37
"ASV_58","Fungi","Ascomycota","Pezizomycetes","Pezizales","Unassigned","Unassigned","Unassigned",20358
"ASV_32","Fungi","Ascomycota","Pezizomycetes","Pezizales","Unassigned","Unassigned","Unassigned",24449
"ASV_11","Fungi","Unassigned","Unassigned","Unassigned","Unassigned","Unassigned","Unassigned",53
"ASV_8","Fungi","Unassigned","Unassigned","Unassigned","Unassigned","Unassigned","Unassigned",9
"ASV_22","Fungi","Unassigned","Unassigned","Unassigned","Unassigned","Unassigned","Unassigned",105
"ASV_5","Fungi","Ascomycota","Eurotiomycetes","Eurotiales","Aspergillaceae","Aspergillus","Unassigned",4
"ASV_1449","Fungi","Unassigned","Unassigned","Unassigned","Unassigned","Unassigned","Unassigned",38
"ASV_44","Fungi","Ascomycota","Pezizomycetes","Pezizales","Unassigned","Unassigned","Unassigned",25041
"ASV_35","Fungi","Unassigned","Unassigned","Unassigned","Unassigned","Unassigned","Unassigned",8098
"ASV_17","Fungi","Ascomycota","Dothideomycetes","Pleosporales","Phaeosphaeriaceae","Unassigned","Unassigned",2
"ASV_50","Fungi","Unassigned","Unassigned","Unassigned","Unassigned","Unassigned","Unassigned",67
"ASV_21","Fungi","Unassigned","Unassigned","Unassigned","Unassigned","Unassigned","Unassigned",638
"ASV_49","Fungi","Unassigned","Unassigned","Unassigned","Unassigned","Unassigned","Unassigned",3318
"ASV_13","Fungi","Ascomycota","Sordariomycetes","Hypocreales","Hypocreales_fam_Incertae_sedis","Acremonium","Acremonium_dichromosporum_SH1773219.08FU",15
"ASV_16","Fungi","Mortierellomycota","Mortierellomycetes","Mortierellales","Mortierellaceae","Mortierella","Mortierella_alpina_SH1650283.08FU",252
"ASV_18","Fungi","Unassigned","Unassigned","Unassigned","Unassigned","Unassigned","Unassigned",4
"ASV_36","Fungi","Unassigned","Unassigned","Unassigned","Unassigned","Unassigned","Unassigned",17
"ASV_89","Fungi","Unassigned","Unassigned","Unassigned","Unassigned","Unassigned","Unassigned",363
"ASV_59","Fungi","Ascomycota","Sordariomycetes","Hypocreales","Unassigned","Unassigned","Unassigned",2
"ASV_48","Fungi","Ascomycota","Eurotiomycetes","Eurotiales","Aspergillaceae","Penicillium","Unassigned",13
"ASV_83","Fungi","Ascomycota","Unassigned","Unassigned","Unassigned","Unassigned","Unassigned",6
"ASV_73","Fungi","Unassigned","Unassigned","Unassigned","Unassigned","Unassigned","Unassigned",67
"ASV_53","Fungi","Mortierellomycota","Mortierellomycetes","Mortierellales","Mortierellaceae","Mortierella","Mortierella_alpina_SH1650283.08FU",12
"ASV_1937","Fungi","Ascomycota","Dothideomycetes","Pleosporales","Unassigned","Unassigned","Unassigned",5652
"ASV_82","Fungi","Unassigned","Unassigned","Unassigned","Unassigned","Unassigned","Unassigned",3
"ASV_156","Fungi","Unassigned","Unassigned","Unassigned","Unassigned","Unassigned","Unassigned",3
"ASV_74","Fungi","Unassigned","Unassigned","Unassigned","Unassigned","Unassigned","Unassigned",2
"ASV_107","Fungi","Unassigned","Unassigned","Unassigned","Unassigned","Unassigned","Unassigned",34
"ASV_85","Fungi","Olpidiomycota","Unassigned","Unassigned","Unassigned","Unassigned","Unassigned",2616
"ASV_101","Fungi","Unassigned","Unassigned","Unassigned","Unassigned","Unassigned","Unassigned",9
"ASV_166","Fungi","Mortierellomycota","Mortierellomycetes","Mortierellales","Mortierellaceae","Mortierella","Unassigned",17
"ASV_192","Fungi","Unassigned","Unassigned","Unassigned","Unassigned","Unassigned","Unassigned",461
"ASV_1976","Fungi","Ascomycota","Dothideomycetes","Pleosporales","Cucurbitariaceae","Pyrenochaeta","Pyrenochaeta_lycopersici_SH1552167.08FU",447
"ASV_200","Fungi","Ascomycota","Dothideomycetes","Pleosporales","Unassigned","Unassigned","Unassigned",181
"ASV_115","Fungi","Ascomycota","Sordariomycetes","Hypocreales","Hypocreales_fam_Incertae_sedis","Acremonium","Acremonium_dichromosporum_SH1773219.08FU",68
"ASV_102","Fungi","Ascomycota","Dothideomycetes","Pleosporales","Unassigned","Unassigned","Unassigned",137
"ASV_116","Fungi","Ascomycota","Eurotiomycetes","Eurotiales","Aspergillaceae","Xeromyces","Xeromyces_bisporus_SH1569262.08FU",3
"ASV_119","Fungi","Ascomycota","Unassigned","Unassigned","Unassigned","Unassigned","Unassigned",2372
"ASV_111","Fungi","Unassigned","Unassigned","Unassigned","Unassigned","Unassigned","Unassigned",114
"ASV_531","Fungi","Ascomycota","Dothideomycetes","Pleosporales","Unassigned","Unassigned","Unassigned",2493
"ASV_1240","Fungi","Ascomycota","Eurotiomycetes","Unassigned","Unassigned","Unassigned","Unassigned",36
"ASV_154","Fungi","Unassigned","Unassigned","Unassigned","Unassigned","Unassigned","Unassigned",3
"ASV_131","Fungi","Ascomycota","Sordariomycetes","Hypocreales","Unassigned","Unassigned","Unassigned",154
"ASV_136","Fungi","Basidiomycota","Tremellomycetes","Unassigned","Unassigned","Unassigned","Unassigned",2
"ASV_168","Fungi","Ascomycota","Dothideomycetes","Dothideomycetes_ord_Incertae_sedis","Eremomycetaceae","Arthrographis","Arthrographis_curvata_SH1562603.08FU",3
"ASV_3493","Fungi","Ascomycota","Dothideomycetes","Capnodiales","Cladosporiaceae","Cladosporium","Unassigned",14
"ASV_185","Fungi","Unassigned","Unassigned","Unassigned","Unassigned","Unassigned","Unassigned",2
"ASV_184","Fungi","Unassigned","Unassigned","Unassigned","Unassigned","Unassigned","Unassigned",4
"ASV_170","Fungi","Unassigned","Unassigned","Unassigned","Unassigned","Unassigned","Unassigned",12
"ASV_157","Fungi","Ascomycota","Sordariomycetes","Microascales","Microascaceae","Pseudallescheria","Unassigned",2
"ASV_234","Fungi","Ascomycota","Sordariomycetes","Sordariales","Sordariaceae","Unassigned","Unassigned",6
"ASV_204","Fungi","Unassigned","Unassigned","Unassigned","Unassigned","Unassigned","Unassigned",2
"ASV_609","Fungi","Ascomycota","Sordariomycetes","Hypocreales","Hypocreales_fam_Incertae_sedis","Unassigned","Unassigned",437
"ASV_9481","Fungi","Unassigned","Unassigned","Unassigned","Unassigned","Unassigned","Unassigned",4
"ASV_571","Fungi","Ascomycota","Pezizomycetes","Pezizales","Pyronemataceae","Unassigned","Unassigned",1117
"ASV_2011","Fungi","Ascomycota","Eurotiomycetes","Onygenales","Onygenaceae","Uncinocarpus","Uncinocarpus_reesii_SH1540410.08FU",62
"ASV_551","Fungi","Ascomycota","Sordariomycetes","Togniniales","Togniniaceae","Phaeoacremonium","Unassigned",20
"ASV_245","Fungi","Ascomycota","Dothideomycetes","Pleosporales","Pleosporaceae","Stemphylium","Stemphylium_vesicarium_SH2595383.08FU",2
"ASV_212","Fungi","Ascomycota","Pezizomycetes","Pezizales","Unassigned","Unassigned","Unassigned",84
"ASV_721","Fungi","Ascomycota","Dothideomycetes","Pleosporales","Cucurbitariaceae","Pyrenochaeta","Pyrenochaeta_lycopersici_SH1552167.08FU",31
"ASV_227","Fungi","Unassigned","Unassigned","Unassigned","Unassigned","Unassigned","Unassigned",2
"ASV_205","Fungi","Ascomycota","Dothideomycetes","Pleosporales","Unassigned","Unassigned","Unassigned",162
"ASV_371","Fungi","Ascomycota","Eurotiomycetes","Onygenales","Gymnoascaceae","Arachniotus","Arachniotus_dankaliensis_SH1538794.08FU",712
"ASV_352","Fungi","Unassigned","Unassigned","Unassigned","Unassigned","Unassigned","Unassigned",3
"ASV_599","Fungi","Ascomycota","Dothideomycetes","Pleosporales","Cucurbitariaceae","Pyrenochaeta","Pyrenochaeta_lycopersici_SH1552167.08FU",81
"ASV_349","Fungi","Ascomycota","Sordariomycetes","Hypocreales","Nectriaceae","Unassigned","Unassigned",22
"ASV_1134","Fungi","Ascomycota","Sordariomycetes","Sordariales","Chaetomiaceae","Mycothermus","Mycothermus_thermophilus_SH1615605.08FU",533
"ASV_263","Fungi","Ascomycota","Dothideomycetes","Capnodiales","Cladosporiaceae","Unassigned","Unassigned",6
"ASV_250","Fungi","Aphelidiomycota","Aphelidiomycetes","GS16","Unassigned","Unassigned","Unassigned",55
"ASV_255","Fungi","Basidiomycota","Tremellomycetes","Unassigned","Unassigned","Unassigned","Unassigned",6
"ASV_219","Fungi","Mortierellomycota","Mortierellomycetes","Mortierellales","Mortierellaceae","Mortierella","Unassigned",8
"ASV_363","Fungi","Unassigned","Unassigned","Unassigned","Unassigned","Unassigned","Unassigned",4
"ASV_270","Fungi","Ascomycota","Sordariomycetes","Unassigned","Unassigned","Unassigned","Unassigned",5
"ASV_328","Fungi","Ascomycota","Dothideomycetes","Pleosporales","Unassigned","Unassigned","Unassigned",544
"ASV_7258","Fungi","Ascomycota","Pezizomycetes","Pezizales","Pyronemataceae","Unassigned","Unassigned",7
"ASV_249","Fungi","Ascomycota","Sordariomycetes","Unassigned","Unassigned","Unassigned","Unassigned",43
"ASV_1192","Fungi","Ascomycota","Leotiomycetes","Helotiales","Unassigned","Unassigned","Unassigned",598
"ASV_260","Fungi","Olpidiomycota","Unassigned","Unassigned","Unassigned","Unassigned","Unassigned",892
"ASV_375","Fungi","Unassigned","Unassigned","Unassigned","Unassigned","Unassigned","Unassigned",10
"ASV_620","Fungi","Basidiomycota","Agaricomycetes","Agaricales","Stephanosporaceae","Myriococcum","Myriococcum_thermophilum_SH1615682.08FU",829
"ASV_558","Fungi","Unassigned","Unassigned","Unassigned","Unassigned","Unassigned","Unassigned",82
"ASV_295","Fungi","Ascomycota","Sordariomycetes","Unassigned","Unassigned","Unassigned","Unassigned",141
"ASV_5313","Fungi","Ascomycota","Eurotiomycetes","Unassigned","Unassigned","Unassigned","Unassigned",17
"ASV_2327","Fungi","Ascomycota","Eurotiomycetes","Onygenales","Onygenaceae","Uncinocarpus","Uncinocarpus_reesii_SH1540410.08FU",27
"ASV_565","Fungi","Ascomycota","Eurotiomycetes","Eurotiales","Trichocomaceae","Thermomyces","Unassigned",59
"ASV_2018","Fungi","Ascomycota","Unassigned","Unassigned","Unassigned","Unassigned","Unassigned",287
"ASV_5153","Fungi","Unassigned","Unassigned","Unassigned","Unassigned","Unassigned","Unassigned",313
"ASV_517","Fungi","Ascomycota","Eurotiomycetes","Unassigned","Unassigned","Unassigned","Unassigned",643
"ASV_373","Fungi","Ascomycota","Unassigned","Unassigned","Unassigned","Unassigned","Unassigned",3
"ASV_345","Fungi","Ascomycota","Dothideomycetes","Pleosporales","Unassigned","Unassigned","Unassigned",98
"ASV_310","Fungi","Olpidiomycota","Unassigned","Unassigned","Unassigned","Unassigned","Unassigned",711
"ASV_9355","Fungi","Ascomycota","Sordariomycetes","Unassigned","Unassigned","Unassigned","Unassigned",6
"ASV_431","Fungi","Basidiomycota","Tremellomycetes","Trichosporonales","Trichosporonaceae","Trichosporon","Trichosporon_asahii_SH1616891.08FU",6
"ASV_450","Fungi","Ascomycota","Eurotiomycetes","Onygenales","Gymnoascaceae","Arachniotus","Arachniotus_dankaliensis_SH1538794.08FU",57
"ASV_1031","Fungi","Ascomycota","Dothideomycetes","Pleosporales","Cucurbitariaceae","Pyrenochaeta","Pyrenochaeta_lycopersici_SH1552167.08FU",153
"ASV_622","Fungi","Ascomycota","Eurotiomycetes","Eurotiales","Aspergillaceae","Aspergillus","Unassigned",46
"ASV_398","Fungi","Unassigned","Unassigned","Unassigned","Unassigned","Unassigned","Unassigned",192
"ASV_523","Fungi","Ascomycota","Dothideomycetes","Dothideomycetes_ord_Incertae_sedis","Eremomycetaceae","Arthrographis","Arthrographis_kalrae_SH1562602.08FU",3
"ASV_377","Fungi","Ascomycota","Sordariomycetes","Unassigned","Unassigned","Unassigned","Unassigned",96
"ASV_399","Fungi","Unassigned","Unassigned","Unassigned","Unassigned","Unassigned","Unassigned",11
"ASV_499","Fungi","Blastocladiomycota","Unassigned","Unassigned","Unassigned","Unassigned","Unassigned",45
"ASV_383","Fungi","Ascomycota","Sordariomycetes","Hypocreales","Nectriaceae","Unassigned","Unassigned",48
"ASV_384","Fungi","Ascomycota","Pezizomycetes","Pezizales","Pyronemataceae","Unassigned","Unassigned",43
"ASV_503","Fungi","Ascomycota","Sordariomycetes","Unassigned","Unassigned","Unassigned","Unassigned",3
"ASV_389","Fungi","Ascomycota","Sordariomycetes","Hypocreales","Nectriaceae","Unassigned","Unassigned",492
"ASV_1165","Fungi","Ascomycota","Unassigned","Unassigned","Unassigned","Unassigned","Unassigned",58
"ASV_995","Fungi","Basidiomycota","Agaricomycetes","Agaricales","Stephanosporaceae","Myriococcum","Myriococcum_thermophilum_SH1615682.08FU",373
"ASV_600","Fungi","Ascomycota","Sordariomycetes","Microascales","Microascaceae","Pseudallescheria","Pseudallescheria_angusta_SH1747795.08FU",11
"ASV_472","Fungi","Basidiomycota","Agaricomycetes","Agaricales","Stephanosporaceae","Myriococcum","Myriococcum_thermophilum_SH1615682.08FU",226
"ASV_2196","Fungi","Unassigned","Unassigned","Unassigned","Unassigned","Unassigned","Unassigned",2
"ASV_7218","Fungi","Ascomycota","Pezizomycetes","Pezizales","Pyronemataceae","Unassigned","Unassigned",5
"ASV_674","Fungi","Ascomycota","Sordariomycetes","Hypocreales","Stachybotryaceae","Myrothecium","Myrothecium_roridum_SH1183129.08FU",31
"ASV_657","Fungi","Ascomycota","Sordariomycetes","Hypocreales","Hypocreales_fam_Incertae_sedis","Acremonium","Acremonium_acutatum_SH1560633.08FU",9
"ASV_539","Fungi","Ascomycota","Unassigned","Unassigned","Unassigned","Unassigned","Unassigned",340
"ASV_557","Fungi","Unassigned","Unassigned","Unassigned","Unassigned","Unassigned","Unassigned",2
"ASV_3360","Fungi","Ascomycota","Pezizomycetes","Pezizales","Pyronemataceae","Unassigned","Unassigned",9
"ASV_526","Fungi","Ascomycota","Unassigned","Unassigned","Unassigned","Unassigned","Unassigned",281
"ASV_595","Fungi","Unassigned","Unassigned","Unassigned","Unassigned","Unassigned","Unassigned",394
"ASV_513","Fungi","Unassigned","Unassigned","Unassigned","Unassigned","Unassigned","Unassigned",9
"ASV_520","Fungi","Ascomycota","Unassigned","Unassigned","Unassigned","Unassigned","Unassigned",378
"ASV_1093","Fungi","Ascomycota","Sordariomycetes","Sordariales","Chaetomiaceae","Myceliophthora","Unassigned",68
"ASV_614","Fungi","Unassigned","Unassigned","Unassigned","Unassigned","Unassigned","Unassigned",412
"ASV_608","Fungi","Unassigned","Unassigned","Unassigned","Unassigned","Unassigned","Unassigned",10
"ASV_589","Fungi","Unassigned","Unassigned","Unassigned","Unassigned","Unassigned","Unassigned",3
"ASV_556","Fungi","Ascomycota","Pezizomycetes","Pezizales","Pyronemataceae","Unassigned","Unassigned",8
"ASV_580","Fungi","Ascomycota","Unassigned","Unassigned","Unassigned","Unassigned","Unassigned",320
"ASV_732","Fungi","Ascomycota","Pezizomycetes","Pezizales","Pyronemataceae","Unassigned","Unassigned",176
"ASV_889","Fungi","Unassigned","Unassigned","Unassigned","Unassigned","Unassigned","Unassigned",13
"ASV_553","Fungi","Ascomycota","Unassigned","Unassigned","Unassigned","Unassigned","Unassigned",64
"ASV_624","Fungi","Unassigned","Unassigned","Unassigned","Unassigned","Unassigned","Unassigned",99
"ASV_787","Fungi","Ascomycota","Sordariomycetes","Togniniales","Togniniaceae","Phaeoacremonium","Unassigned",3
"ASV_655","Fungi","Ascomycota","Eurotiomycetes","Onygenales","Unassigned","Unassigned","Unassigned",5
"ASV_691","Fungi","Basidiomycota","Agaricomycetes","Agaricales","Stephanosporaceae","Myriococcum","Myriococcum_thermophilum_SH1615682.08FU",247
"ASV_764","Fungi","Ascomycota","Eurotiomycetes","Onygenales","Gymnoascaceae","Arachniotus","Arachniotus_dankaliensis_SH1538794.08FU",297
"ASV_1107","Fungi","Ascomycota","Eurotiomycetes","Onygenales","Gymnoascaceae","Arachniotus","Arachniotus_dankaliensis_SH1538794.08FU",100
"ASV_1829","Fungi","Ascomycota","Sordariomycetes","Unassigned","Unassigned","Unassigned","Unassigned",103
"ASV_711","Fungi","Ascomycota","Leotiomycetes","Thelebolales","Thelebolaceae","Unassigned","Unassigned",3
"ASV_959","Fungi","Basidiomycota","Agaricomycetes","Agaricales","Stephanosporaceae","Myriococcum","Myriococcum_thermophilum_SH1615682.08FU",208
"ASV_717","Fungi","Unassigned","Unassigned","Unassigned","Unassigned","Unassigned","Unassigned",257
"ASV_2067","Fungi","Ascomycota","Dothideomycetes","Capnodiales","Cladosporiaceae","Cladosporium","Unassigned",3
"ASV_665","Fungi","Unassigned","Unassigned","Unassigned","Unassigned","Unassigned","Unassigned",5
"ASV_925","Fungi","Ascomycota","Sordariomycetes","Togniniales","Togniniaceae","Phaeoacremonium","Unassigned",17
"ASV_679","Fungi","Unassigned","Unassigned","Unassigned","Unassigned","Unassigned","Unassigned",6
"ASV_5364","Fungi","Unassigned","Unassigned","Unassigned","Unassigned","Unassigned","Unassigned",2
"ASV_7148","Fungi","Basidiomycota","Tremellomycetes","Trichosporonales","Trichosporonaceae","Cutaneotrichosporon","Cutaneotrichosporon_cyanovorans_SH1616873.08FU",309
"ASV_705","Fungi","Ascomycota","Unassigned","Unassigned","Unassigned","Unassigned","Unassigned",278
"ASV_854","Fungi","Basidiomycota","Agaricomycetes","Agaricales","Stephanosporaceae","Myriococcum","Myriococcum_thermophilum_SH1615682.08FU",194
"ASV_734","Fungi","Ascomycota","Sordariomycetes","Sordariales","Unassigned","Unassigned","Unassigned",17
"ASV_666","Fungi","Unassigned","Unassigned","Unassigned","Unassigned","Unassigned","Unassigned",265
"ASV_4371","Fungi","Ascomycota","Sordariomycetes","Hypocreales","Unassigned","Unassigned","Unassigned",2
"ASV_784","Fungi","Ascomycota","Unassigned","Unassigned","Unassigned","Unassigned","Unassigned",181
"ASV_2765","Fungi","Ascomycota","Sordariomycetes","Glomerellales","Plectosphaerellaceae","Unassigned","Unassigned",81
"ASV_951","Fungi","Mortierellomycota","Mortierellomycetes","Mortierellales","Mortierellaceae","Mortierella","Mortierella_oligospora_SH1552325.08FU",8
"ASV_1422","Fungi","Unassigned","Unassigned","Unassigned","Unassigned","Unassigned","Unassigned",132
"ASV_738","Fungi","Olpidiomycota","Unassigned","Unassigned","Unassigned","Unassigned","Unassigned",174
"ASV_815","Fungi","Ascomycota","Pezizomycetes","Pezizales","Pyronemataceae","Unassigned","Unassigned",194
"ASV_737","Fungi","Ascomycota","Unassigned","Unassigned","Unassigned","Unassigned","Unassigned",378
"ASV_912","Fungi","Ascomycota","Sordariomycetes","Sordariales","Sordariales_fam_Incertae_sedis","Unassigned","Unassigned",25
"ASV_810","Fungi","Unassigned","Unassigned","Unassigned","Unassigned","Unassigned","Unassigned",187
"ASV_1154","Fungi","Unassigned","Unassigned","Unassigned","Unassigned","Unassigned","Unassigned",24
"ASV_798","Fungi","Unassigned","Unassigned","Unassigned","Unassigned","Unassigned","Unassigned",178
"ASV_791","Fungi","Ascomycota","Unassigned","Unassigned","Unassigned","Unassigned","Unassigned",104
"ASV_6609","Fungi","Unassigned","Unassigned","Unassigned","Unassigned","Unassigned","Unassigned",2
"ASV_765","Fungi","Ascomycota","Unassigned","Unassigned","Unassigned","Unassigned","Unassigned",40
"ASV_1298","Fungi","Ascomycota","Sordariomycetes","Togniniales","Togniniaceae","Unassigned","Unassigned",4
"ASV_2565","Fungi","Ascomycota","Eurotiomycetes","Onygenales","Unassigned","Unassigned","Unassigned",14
"ASV_776","Fungi","Unassigned","Unassigned","Unassigned","Unassigned","Unassigned","Unassigned",5
"ASV_1491","Fungi","Ascomycota","Eurotiomycetes","Eurotiales","Aspergillaceae","Aspergillus","Unassigned",3
"ASV_938","Fungi","Ascomycota","Sordariomycetes","Hypocreales","Hypocreales_fam_Incertae_sedis","Acremonium","Acremonium_dichromosporum_SH1773219.08FU",25
"ASV_1630","Fungi","Unassigned","Unassigned","Unassigned","Unassigned","Unassigned","Unassigned",4
"ASV_1088","Fungi","Unassigned","Unassigned","Unassigned","Unassigned","Unassigned","Unassigned",60
"ASV_1275","Fungi","Ascomycota","Eurotiomycetes","Onygenales","Gymnoascaceae","Arachniotus","Arachniotus_dankaliensis_SH1538794.08FU",191
"ASV_833","Fungi","Ascomycota","Unassigned","Unassigned","Unassigned","Unassigned","Unassigned",35
"ASV_921","Fungi","Ascomycota","Unassigned","Unassigned","Unassigned","Unassigned","Unassigned",143
"ASV_2799","Fungi","Ascomycota","Eurotiomycetes","Onygenales","Onygenales_fam_Incertae_sedis","Chrysosporium","Unassigned",70
"ASV_919","Fungi","Unassigned","Unassigned","Unassigned","Unassigned","Unassigned","Unassigned",16
"ASV_855","Fungi","Unassigned","Unassigned","Unassigned","Unassigned","Unassigned","Unassigned",8
"ASV_3700","Fungi","Ascomycota","Eurotiomycetes","Onygenales","Onygenaceae","Uncinocarpus","Uncinocarpus_reesii_SH1540410.08FU",26
"ASV_1337","Fungi","Mortierellomycota","Mortierellomycetes","Mortierellales","Unassigned","Unassigned","Unassigned",2
"ASV_2122","Fungi","Ascomycota","Pezizomycetes","Pezizales","Pyronemataceae","Unassigned","Unassigned",40
"ASV_918","Fungi","Aphelidiomycota","Unassigned","Unassigned","Unassigned","Unassigned","Unassigned",142
"ASV_1792","Fungi","Aphelidiomycota","Aphelidiomycetes","GS16","Unassigned","Unassigned","Unassigned",9
"ASV_987","Fungi","Ascomycota","Eurotiomycetes","Onygenales","Onygenales_fam_Incertae_sedis","Chrysosporium","Unassigned",138
"ASV_3289","Fungi","Mortierellomycota","Mortierellomycetes","Mortierellales","Mortierellaceae","Unassigned","Unassigned",2
"ASV_940","Fungi","Olpidiomycota","Unassigned","Unassigned","Unassigned","Unassigned","Unassigned",7
"ASV_960","Fungi","Ascomycota","Sordariomycetes","Sordariales","Sordariales_fam_Incertae_sedis","Unassigned","Unassigned",73
"ASV_1040","Fungi","Ascomycota","Sordariomycetes","Unassigned","Unassigned","Unassigned","Unassigned",128
"ASV_5099","Fungi","Ascomycota","Sordariomycetes","Sordariales","Sordariales_fam_Incertae_sedis","Unassigned","Unassigned",67
"ASV_2540","Fungi","Basidiomycota","Agaricomycetes","Agaricales","Stephanosporaceae","Myriococcum","Myriococcum_thermophilum_SH1615682.08FU",283
"ASV_1069","Fungi","Unassigned","Unassigned","Unassigned","Unassigned","Unassigned","Unassigned",80
"ASV_1051","Fungi","Basidiomycota","Tremellomycetes","Trichosporonales","Trichosporonaceae","Cutaneotrichosporon","Cutaneotrichosporon_jirovecii_SH1802143.08FU",22
"ASV_1325","Fungi","Unassigned","Unassigned","Unassigned","Unassigned","Unassigned","Unassigned",44
"ASV_994","Fungi","Ascomycota","Pezizomycetes","Pezizales","Pyronemataceae","Unassigned","Unassigned",150
"ASV_1293","Fungi","Ascomycota","Eurotiomycetes","Onygenales","Onygenaceae","Uncinocarpus","Uncinocarpus_reesii_SH1540410.08FU",83
"ASV_2330","Fungi","Ascomycota","Sordariomycetes","Glomerellales","Plectosphaerellaceae","Unassigned","Unassigned",17
"ASV_2919","Fungi","Ascomycota","Eurotiomycetes","Unassigned","Unassigned","Unassigned","Unassigned",32
"ASV_1160","Fungi","Ascomycota","Unassigned","Unassigned","Unassigned","Unassigned","Unassigned",121
"ASV_1122","Fungi","Ascomycota","Sordariomycetes","Unassigned","Unassigned","Unassigned","Unassigned",129
"ASV_1041","Fungi","Ascomycota","Sordariomycetes","Hypocreales","Nectriaceae","Unassigned","Unassigned",102
"ASV_1485","Fungi","Ascomycota","Unassigned","Unassigned","Unassigned","Unassigned","Unassigned",116
"ASV_4047","Fungi","Ascomycota","Unassigned","Unassigned","Unassigned","Unassigned","Unassigned",5
"ASV_1080","Fungi","Rozellomycota","Unassigned","Unassigned","Unassigned","Unassigned","Unassigned",18
"ASV_1135","Fungi","Unassigned","Unassigned","Unassigned","Unassigned","Unassigned","Unassigned",41
"ASV_1200","Fungi","Unassigned","Unassigned","Unassigned","Unassigned","Unassigned","Unassigned",70
"ASV_1146","Fungi","Ascomycota","Dothideomycetes","Pleosporales","Unassigned","Unassigned","Unassigned",112
"ASV_2043","Fungi","Mortierellomycota","Mortierellomycetes","Mortierellales","Mortierellaceae","Unassigned","Unassigned",33
"ASV_1290","Fungi","Basidiomycota","Tremellomycetes","Trichosporonales","Trichosporonaceae","Trichosporon","Trichosporon_chiropterorum_SH1616893.08FU",3
"ASV_1431","Fungi","Ascomycota","Unassigned","Unassigned","Unassigned","Unassigned","Unassigned",12
"ASV_1186","Fungi","Ascomycota","Eurotiomycetes","Onygenales","Unassigned","Unassigned","Unassigned",2
"ASV_1596","Fungi","Ascomycota","Sordariomycetes","Hypocreales","Stachybotryaceae","Myrothecium","Myrothecium_roridum_SH1183129.08FU",15
"ASV_1140","Fungi","Ascomycota","Sordariomycetes","Hypocreales","Nectriaceae","Unassigned","Unassigned",16
"ASV_2759","Fungi","Ascomycota","Sordariomycetes","Sordariales","Sordariales_fam_Incertae_sedis","Remersonia","Unassigned",74
"ASV_1182","Fungi","Ascomycota","Sordariomycetes","Unassigned","Unassigned","Unassigned","Unassigned",56
"ASV_1476","Fungi","Ascomycota","Sordariomycetes","Sordariales","Sordariales_fam_Incertae_sedis","Unassigned","Unassigned",82
"ASV_1563","Fungi","Aphelidiomycota","Aphelidiomycetes","GS16","Unassigned","Unassigned","Unassigned",27
"ASV_1785","Fungi","Unassigned","Unassigned","Unassigned","Unassigned","Unassigned","Unassigned",111
"ASV_1286","Fungi","Ascomycota","Sordariomycetes","Sordariales","Sordariales_fam_Incertae_sedis","Unassigned","Unassigned",121
"ASV_1245","Fungi","Ascomycota","Sordariomycetes","Unassigned","Unassigned","Unassigned","Unassigned",63
"ASV_1334","Fungi","Unassigned","Unassigned","Unassigned","Unassigned","Unassigned","Unassigned",38
"ASV_1270","Fungi","Ascomycota","Sordariomycetes","Sordariales","Sordariales_fam_Incertae_sedis","Unassigned","Unassigned",89
"ASV_1316","Fungi","Ascomycota","Eurotiomycetes","Onygenales","Onygenaceae","Uncinocarpus","Uncinocarpus_reesii_SH1540410.08FU",93
"ASV_1188","Fungi","Olpidiomycota","Unassigned","Unassigned","Unassigned","Unassigned","Unassigned",77
"ASV_8242","Fungi","Unassigned","Unassigned","Unassigned","Unassigned","Unassigned","Unassigned",6
"ASV_8379","Fungi","Ascomycota","Sordariomycetes","Microascales","Microascaceae","Microascus","Microascus_croci_SH1510414.08FU",13
"ASV_5032","Fungi","Ascomycota","Sordariomycetes","Unassigned","Unassigned","Unassigned","Unassigned",59
"ASV_1481","Fungi","Unassigned","Unassigned","Unassigned","Unassigned","Unassigned","Unassigned",69
"ASV_1473","Fungi","Unassigned","Unassigned","Unassigned","Unassigned","Unassigned","Unassigned",55
"ASV_3328","Fungi","Ascomycota","Pezizomycetes","Pezizales","Pyronemataceae","Unassigned","Unassigned",44
"ASV_1659","Fungi","Ascomycota","Unassigned","Unassigned","Unassigned","Unassigned","Unassigned",2
"ASV_1520","Fungi","Unassigned","Unassigned","Unassigned","Unassigned","Unassigned","Unassigned",65
"ASV_1305","Fungi","Unassigned","Unassigned","Unassigned","Unassigned","Unassigned","Unassigned",13
"ASV_1802","Fungi","Unassigned","Unassigned","Unassigned","Unassigned","Unassigned","Unassigned",5
"ASV_1375","Fungi","Unassigned","Unassigned","Unassigned","Unassigned","Unassigned","Unassigned",83
"ASV_3848","Fungi","Rozellomycota","Unassigned","Unassigned","Unassigned","Unassigned","Unassigned",99
"ASV_1435","Fungi","Ascomycota","Sordariomycetes","Sordariales","Sordariales_fam_Incertae_sedis","Unassigned","Unassigned",75
"ASV_1330","Fungi","Ascomycota","Sordariomycetes","Hypocreales","Nectriaceae","Unassigned","Unassigned",82
"ASV_9896","Fungi","Mortierellomycota","Mortierellomycetes","Mortierellales","Unassigned","Unassigned","Unassigned",2
"ASV_1369","Fungi","Ascomycota","Sordariomycetes","Togniniales","Togniniaceae","Phaeoacremonium","Unassigned",4
"ASV_1658","Fungi","Ascomycota","Unassigned","Unassigned","Unassigned","Unassigned","Unassigned",66
"ASV_1445","Fungi","Unassigned","Unassigned","Unassigned","Unassigned","Unassigned","Unassigned",88
"ASV_1496","Fungi","Unassigned","Unassigned","Unassigned","Unassigned","Unassigned","Unassigned",79
"ASV_1433","Fungi","Ascomycota","Pezizomycetes","Pezizales","Pyronemataceae","Unassigned","Unassigned",90
"ASV_1517","Fungi","Ascomycota","Unassigned","Unassigned","Unassigned","Unassigned","Unassigned",55
"ASV_2171","Fungi","Aphelidiomycota","Aphelidiomycetes","GS16","Unassigned","Unassigned","Unassigned",30
"ASV_2708","Fungi","Ascomycota","Pezizomycetes","Pezizales","Ascodesmidaceae","Cephaliophora","Cephaliophora_tropica_SH1555885.08FU",60
"ASV_8051","Fungi","Ascomycota","Unassigned","Unassigned","Unassigned","Unassigned","Unassigned",41
"ASV_1901","Fungi","Aphelidiomycota","Aphelidiomycetes","GS16","Unassigned","Unassigned","Unassigned",5
"ASV_2879","Fungi","Ascomycota","Sordariomycetes","Sordariales","Chaetomiaceae","Mycothermus","Unassigned",35
"ASV_5036","Fungi","Ascomycota","Eurotiomycetes","Eurotiales","Trichocomaceae","Thermomyces","Thermomyces_stellatus_SH1510432.08FU",51
"ASV_1977","Fungi","Ascomycota","Eurotiomycetes","Onygenales","Unassigned","Unassigned","Unassigned",8
"ASV_2800","Fungi","Ascomycota","Dothideomycetes","Pleosporales","Pleosporaceae","Stemphylium","Stemphylium_vesicarium_SH2590841.08FU",19
"ASV_3161","Fungi","Ascomycota","Sordariomycetes","Sordariales","Sordariales_fam_Incertae_sedis","Unassigned","Unassigned",60
"ASV_5079","Fungi","Ascomycota","Dothideomycetes","Pleosporales","Pleosporaceae","Stemphylium","Stemphylium_vesicarium_SH2590841.08FU",5
"ASV_1700","Fungi","Unassigned","Unassigned","Unassigned","Unassigned","Unassigned","Unassigned",82
"ASV_5241","Fungi","Chytridiomycota","Unassigned","Unassigned","Unassigned","Unassigned","Unassigned",88
"ASV_7493","Fungi","Unassigned","Unassigned","Unassigned","Unassigned","Unassigned","Unassigned",11
"ASV_1537","Fungi","Ascomycota","Sordariomycetes","Hypocreales","Nectriaceae","Unassigned","Unassigned",16
"ASV_1697","Fungi","Ascomycota","Eurotiomycetes","Onygenales","Gymnoascaceae","Arachniotus","Arachniotus_dankaliensis_SH1538794.08FU",66
"ASV_1771","Fungi","Ascomycota","Unassigned","Unassigned","Unassigned","Unassigned","Unassigned",68
"ASV_3205","Fungi","Ascomycota","Eurotiomycetes","Eurotiales","Aspergillaceae","Penicillium","Unassigned",23
"ASV_1585","Fungi","Basidiomycota","Tremellomycetes","Trichosporonales","Trichosporonaceae","Apiotrichum","Unassigned",2
"ASV_2192","Fungi","Basidiomycota","Tremellomycetes","Filobasidiales","Filobasidiaceae","Naganishia","Naganishia_diffluens_SH1725242.08FU",33
"ASV_1885","Fungi","Unassigned","Unassigned","Unassigned","Unassigned","Unassigned","Unassigned",47
"ASV_1759","Fungi","Ascomycota","Sordariomycetes","Glomerellales","Plectosphaerellaceae","Verticillium","Verticillium_isaacii_SH2164817.08FU",3
"ASV_1938","Fungi","Mortierellomycota","Mortierellomycetes","Mortierellales","Mortierellaceae","Mortierella","Unassigned",7
"ASV_1694","Fungi","Ascomycota","Sordariomycetes","Hypocreales","Nectriaceae","Unassigned","Unassigned",40
"ASV_1749","Fungi","Ascomycota","Sordariomycetes","Sordariales","Sordariales_fam_Incertae_sedis","Unassigned","Unassigned",38
"ASV_3519","Fungi","Ascomycota","Pezizomycetes","Pezizales","Pyronemataceae","Unassigned","Unassigned",8
"ASV_6811","Fungi","Unassigned","Unassigned","Unassigned","Unassigned","Unassigned","Unassigned",51
"ASV_1843","Fungi","Ascomycota","Unassigned","Unassigned","Unassigned","Unassigned","Unassigned",49
"ASV_4082","Fungi","Ascomycota","Pezizomycetes","Pezizales","Pyronemataceae","Unassigned","Unassigned",11
"ASV_1811","Fungi","Ascomycota","Pezizomycetes","Pezizales","Pyronemataceae","Unassigned","Unassigned",39
"ASV_3438","Fungi","Unassigned","Unassigned","Unassigned","Unassigned","Unassigned","Unassigned",42
"ASV_2083","Fungi","Mortierellomycota","Mortierellomycetes","Mortierellales","Mortierellaceae","Mortierella","Mortierella_elongata_SH1557088.08FU",12
"ASV_7342","Fungi","Ascomycota","Eurotiomycetes","Onygenales","Onygenaceae","Uncinocarpus","Uncinocarpus_reesii_SH1540410.08FU",40
"ASV_1854","Fungi","Basidiomycota","Tremellomycetes","Trichosporonales","Trichosporonaceae","Cutaneotrichosporon","Cutaneotrichosporon_cyanovorans_SH1616873.08FU",2
"ASV_1847","Fungi","Unassigned","Unassigned","Unassigned","Unassigned","Unassigned","Unassigned",2
"ASV_1895","Fungi","Ascomycota","Sordariomycetes","Hypocreales","Nectriaceae","Unassigned","Unassigned",59
"ASV_2145","Fungi","Unassigned","Unassigned","Unassigned","Unassigned","Unassigned","Unassigned",54
"ASV_4363","Fungi","Aphelidiomycota","Aphelidiomycetes","GS16","Unassigned","Unassigned","Unassigned",26
"ASV_1862","Fungi","Ascomycota","Unassigned","Unassigned","Unassigned","Unassigned","Unassigned",48
"ASV_4602","Fungi","Ascomycota","Sordariomycetes","Microascales","Microascaceae","Microascus","Microascus_brevicaulis_SH1650169.08FU",4
"ASV_2993","Fungi","Ascomycota","Eurotiomycetes","Onygenales","Unassigned","Unassigned","Unassigned",8
"ASV_2027","Fungi","Ascomycota","Unassigned","Unassigned","Unassigned","Unassigned","Unassigned",57
"ASV_2775","Fungi","Ascomycota","Unassigned","Unassigned","Unassigned","Unassigned","Unassigned",16
"ASV_8204","Fungi","Ascomycota","Eurotiomycetes","Onygenales","Gymnoascaceae","Arachniotus","Arachniotus_dankaliensis_SH1538794.08FU",42
"ASV_3311","Fungi","Unassigned","Unassigned","Unassigned","Unassigned","Unassigned","Unassigned",6
"ASV_2140","Fungi","Ascomycota","Sordariomycetes","Sordariales","Sordariales_fam_Incertae_sedis","Madurella","Unassigned",47
"ASV_2050","Fungi","Ascomycota","Unassigned","Unassigned","Unassigned","Unassigned","Unassigned",2
"ASV_2023","Fungi","Ascomycota","Unassigned","Unassigned","Unassigned","Unassigned","Unassigned",6
"ASV_2021","Fungi","Ascomycota","Pezizomycetes","Pezizales","Pyronemataceae","Unassigned","Unassigned",31
"ASV_2109","Fungi","Ascomycota","Sordariomycetes","Hypocreales","Nectriaceae","Unassigned","Unassigned",23
"ASV_2090","Fungi","Ascomycota","Pezizomycetes","Pezizales","Pyronemataceae","Unassigned","Unassigned",16
"ASV_3392","Fungi","Basidiomycota","Agaricomycetes","Agaricales","Bolbitiaceae","Conocybe","Unassigned",41
"ASV_2520","Fungi","Basidiomycota","Tremellomycetes","Trichosporonales","Trichosporonaceae","Cutaneotrichosporon","Unassigned",13
"ASV_2164","Fungi","Ascomycota","Dothideomycetes","Pleosporales","Unassigned","Unassigned","Unassigned",37
"ASV_2014","Fungi","Mortierellomycota","Mortierellomycetes","Mortierellales","Mortierellaceae","Mortierella","Mortierella_elongata_SH1557088.08FU",38
"ASV_2613","Fungi","Mortierellomycota","Mortierellomycetes","Mortierellales","Mortierellaceae","Mortierella","Unassigned",4
"ASV_7737","Fungi","Basidiomycota","Unassigned","Unassigned","Unassigned","Unassigned","Unassigned",36
"ASV_3258","Fungi","Ascomycota","Eurotiomycetes","Onygenales","Gymnoascaceae","Arachniotus","Arachniotus_dankaliensis_SH1538794.08FU",43
"ASV_2513","Fungi","Unassigned","Unassigned","Unassigned","Unassigned","Unassigned","Unassigned",46
"ASV_2148","Fungi","Ascomycota","Unassigned","Unassigned","Unassigned","Unassigned","Unassigned",55
"ASV_4357","Fungi","Mortierellomycota","Mortierellomycetes","Mortierellales","Mortierellaceae","Mortierella","Unassigned",4
"ASV_2427","Fungi","Unassigned","Unassigned","Unassigned","Unassigned","Unassigned","Unassigned",32
"ASV_4581","Fungi","Ascomycota","Pezizomycetes","Pezizales","Ascodesmidaceae","Cephaliophora","Cephaliophora_tropica_SH1555885.08FU",52
"ASV_2319","Fungi","Ascomycota","Unassigned","Unassigned","Unassigned","Unassigned","Unassigned",22
"ASV_2483","Fungi","Unassigned","Unassigned","Unassigned","Unassigned","Unassigned","Unassigned",38
"ASV_2454","Fungi","Ascomycota","Pezizomycetes","Pezizales","Pyronemataceae","Unassigned","Unassigned",30
"ASV_2373","Fungi","Mortierellomycota","Mortierellomycetes","Mortierellales","Mortierellaceae","Mortierella","Unassigned",3
"ASV_2372","Fungi","Olpidiomycota","Unassigned","Unassigned","Unassigned","Unassigned","Unassigned",3
"ASV_2392","Fungi","Basidiomycota","Agaricomycetes","Agaricales","Stephanosporaceae","Myriococcum","Myriococcum_thermophilum_SH1615682.08FU",40
"ASV_2163","Fungi","Ascomycota","Unassigned","Unassigned","Unassigned","Unassigned","Unassigned",9
"ASV_2383","Fungi","Ascomycota","Unassigned","Unassigned","Unassigned","Unassigned","Unassigned",34
"ASV_2303","Fungi","Unassigned","Unassigned","Unassigned","Unassigned","Unassigned","Unassigned",3
"ASV_3607","Fungi","Ascomycota","Eurotiomycetes","Eurotiales","Trichocomaceae","Thermomyces","Unassigned",4
"ASV_2646","Fungi","Aphelidiomycota","Aphelidiomycetes","GS16","Unassigned","Unassigned","Unassigned",13
"ASV_3013","Fungi","Unassigned","Unassigned","Unassigned","Unassigned","Unassigned","Unassigned",3
"ASV_2394","Fungi","Unassigned","Unassigned","Unassigned","Unassigned","Unassigned","Unassigned",2
"ASV_3481","Fungi","Ascomycota","Eurotiomycetes","Onygenales","Gymnoascaceae","Arachniotus","Arachniotus_dankaliensis_SH1538794.08FU",27
"ASV_2673","Fungi","Aphelidiomycota","Aphelidiomycetes","Unassigned","Unassigned","Unassigned","Unassigned",11
"ASV_4426","Fungi","Ascomycota","Pezizomycetes","Pezizales","Ascodesmidaceae","Cephaliophora","Unassigned",2
"ASV_2491","Fungi","Olpidiomycota","Unassigned","Unassigned","Unassigned","Unassigned","Unassigned",2
"ASV_2766","Fungi","Unassigned","Unassigned","Unassigned","Unassigned","Unassigned","Unassigned",29
"ASV_2424","Fungi","Ascomycota","Pezizomycetes","Pezizales","Pyronemataceae","Unassigned","Unassigned",50
"ASV_2811","Fungi","Ascomycota","Sordariomycetes","Unassigned","Unassigned","Unassigned","Unassigned",2
"ASV_2737","Fungi","Ascomycota","Unassigned","Unassigned","Unassigned","Unassigned","Unassigned",36
"ASV_2559","Fungi","Unassigned","Unassigned","Unassigned","Unassigned","Unassigned","Unassigned",44
"ASV_2400","Fungi","Ascomycota","Sordariomycetes","Hypocreales","Nectriaceae","Unassigned","Unassigned",32
"ASV_2922","Fungi","Aphelidiomycota","Aphelidiomycetes","GS16","Unassigned","Unassigned","Unassigned",31
"ASV_2535","Fungi","Ascomycota","Dothideomycetes","Pleosporales","Unassigned","Unassigned","Unassigned",32
"ASV_5283","Fungi","Rozellomycota","Unassigned","Unassigned","Unassigned","Unassigned","Unassigned",10
"ASV_2832","Fungi","Ascomycota","Sordariomycetes","Togniniales","Togniniaceae","Phaeoacremonium","Unassigned",9
"ASV_7278","Fungi","Aphelidiomycota","Aphelidiomycetes","GS16","Unassigned","Unassigned","Unassigned",20
"ASV_5673","Fungi","Basidiomycota","Unassigned","Unassigned","Unassigned","Unassigned","Unassigned",19
"ASV_2442","Fungi","Olpidiomycota","Unassigned","Unassigned","Unassigned","Unassigned","Unassigned",25
"ASV_3074","Fungi","Mortierellomycota","Mortierellomycetes","Mortierellales","Mortierellaceae","Mortierella","Mortierella_elongata_SH1557088.08FU",28
"ASV_2637","Fungi","Unassigned","Unassigned","Unassigned","Unassigned","Unassigned","Unassigned",19
"ASV_2678","Fungi","Unassigned","Unassigned","Unassigned","Unassigned","Unassigned","Unassigned",34
"ASV_3235","Fungi","Ascomycota","Eurotiomycetes","Onygenales","Gymnoascaceae","Arachniotus","Arachniotus_dankaliensis_SH1538794.08FU",21
"ASV_2823","Fungi","Unassigned","Unassigned","Unassigned","Unassigned","Unassigned","Unassigned",31
"ASV_4457","Fungi","Ascomycota","Eurotiomycetes","Onygenales","Gymnoascaceae","Arachniotus","Arachniotus_dankaliensis_SH1538794.08FU",21
"ASV_5161","Fungi","Aphelidiomycota","Aphelidiomycetes","GS16","Unassigned","Unassigned","Unassigned",9
"ASV_4866","Fungi","Ascomycota","Eurotiomycetes","Onygenales","Unassigned","Unassigned","Unassigned",5
"ASV_2723","Fungi","Ascomycota","Sordariomycetes","Hypocreales","Nectriaceae","Unassigned","Unassigned",16
"ASV_5627","Fungi","Ascomycota","Unassigned","Unassigned","Unassigned","Unassigned","Unassigned",14
"ASV_7208","Fungi","Aphelidiomycota","Aphelidiomycetes","Unassigned","Unassigned","Unassigned","Unassigned",2
"ASV_2945","Fungi","Aphelidiomycota","Aphelidiomycetes","Unassigned","Unassigned","Unassigned","Unassigned",13
"ASV_5454","Fungi","Ascomycota","Pezizomycetes","Pezizales","Ascodesmidaceae","Cephaliophora","Cephaliophora_tropica_SH1555885.08FU",33
"ASV_8006","Fungi","Unassigned","Unassigned","Unassigned","Unassigned","Unassigned","Unassigned",20
"ASV_5052","Fungi","Ascomycota","Unassigned","Unassigned","Unassigned","Unassigned","Unassigned",13
"ASV_2858","Fungi","Ascomycota","Dothideomycetes","Pleosporales","Phaeosphaeriaceae","Phaeosphaeria","Unassigned",2
"ASV_2808","Fungi","Basidiomycota","Exobasidiomycetes","Golubeviales","Golubeviaceae","Golubevia","Golubevia_pallescens_SH1539624.08FU",3
"ASV_3251","Fungi","Aphelidiomycota","Aphelidiomycetes","Unassigned","Unassigned","Unassigned","Unassigned",19
"ASV_3136","Fungi","Unassigned","Unassigned","Unassigned","Unassigned","Unassigned","Unassigned",23
"ASV_2744","Fungi","Unassigned","Unassigned","Unassigned","Unassigned","Unassigned","Unassigned",19
"ASV_7463","Fungi","Ascomycota","Unassigned","Unassigned","Unassigned","Unassigned","Unassigned",9
"ASV_3049","Fungi","Mortierellomycota","Mortierellomycetes","Mortierellales","Mortierellaceae","Mortierella","Mortierella_elongata_SH1557088.08FU",22
"ASV_3284","Fungi","Ascomycota","Sordariomycetes","Coniochaetales","Coniochaetaceae","Lecythophora","Unassigned",2
"ASV_4539","Fungi","Aphelidiomycota","Aphelidiomycetes","GS16","Unassigned","Unassigned","Unassigned",9
"ASV_3238","Fungi","Rozellomycota","Unassigned","Unassigned","Unassigned","Unassigned","Unassigned",3
"ASV_2909","Fungi","Ascomycota","Sordariomycetes","Unassigned","Unassigned","Unassigned","Unassigned",26
"ASV_3975","Fungi","Basidiomycota","Tremellomycetes","Filobasidiales","Filobasidiaceae","Naganishia","Naganishia_diffluens_SH1725242.08FU",15
"ASV_3347","Fungi","Aphelidiomycota","Aphelidiomycetes","GS16","Unassigned","Unassigned","Unassigned",4
"ASV_10298","Fungi","Unassigned","Unassigned","Unassigned","Unassigned","Unassigned","Unassigned",27
"ASV_4521","Fungi","Unassigned","Unassigned","Unassigned","Unassigned","Unassigned","Unassigned",10
"ASV_7666","Fungi","Unassigned","Unassigned","Unassigned","Unassigned","Unassigned","Unassigned",12
"ASV_9136","Fungi","Unassigned","Unassigned","Unassigned","Unassigned","Unassigned","Unassigned",12
"ASV_9713","Fungi","Basidiomycota","Unassigned","Unassigned","Unassigned","Unassigned","Unassigned",18
"ASV_3330","Fungi","Ascomycota","Unassigned","Unassigned","Unassigned","Unassigned","Unassigned",21
"ASV_5574","Fungi","Ascomycota","Eurotiomycetes","Onygenales","Onygenales_fam_Incertae_sedis","Chrysosporium","Unassigned",9
"ASV_3625","Fungi","Unassigned","Unassigned","Unassigned","Unassigned","Unassigned","Unassigned",15
"ASV_3103","Fungi","Ascomycota","Sordariomycetes","Hypocreales","Hypocreales_fam_Incertae_sedis","Acremonium","Acremonium_chrysogenum_SH1183130.08FU",23
"ASV_6116","Fungi","Ascomycota","Dothideomycetes","Capnodiales","Cladosporiaceae","Unassigned","Unassigned",2
"ASV_5754","Fungi","Ascomycota","Eurotiomycetes","Onygenales","Onygenales_fam_Incertae_sedis","Chrysosporium","Unassigned",18
"ASV_2915","Fungi","Unassigned","Unassigned","Unassigned","Unassigned","Unassigned","Unassigned",16
"ASV_4084","Fungi","Unassigned","Unassigned","Unassigned","Unassigned","Unassigned","Unassigned",17
"ASV_3529","Fungi","Mortierellomycota","Mortierellomycetes","Mortierellales","Mortierellaceae","Mortierella","Mortierella_chienii_SH1507617.08FU",2
"ASV_8866","Fungi","Basidiomycota","Unassigned","Unassigned","Unassigned","Unassigned","Unassigned",13
"ASV_7753","Fungi","Unassigned","Unassigned","Unassigned","Unassigned","Unassigned","Unassigned",9
"ASV_3356","Fungi","Unassigned","Unassigned","Unassigned","Unassigned","Unassigned","Unassigned",2
"ASV_3552","Fungi","Unassigned","Unassigned","Unassigned","Unassigned","Unassigned","Unassigned",23
"ASV_3184","Fungi","Ascomycota","Unassigned","Unassigned","Unassigned","Unassigned","Unassigned",8
"ASV_3194","Fungi","Mortierellomycota","Mortierellomycetes","Mortierellales","Mortierellaceae","Mortierella","Mortierella_elongata_SH1557088.08FU",19
"ASV_5065","Fungi","Unassigned","Unassigned","Unassigned","Unassigned","Unassigned","Unassigned",4
"ASV_4932","Fungi","Ascomycota","Sordariomycetes","Microascales","Microascaceae","Acaulium","Acaulium_acremonium_SH2592983.08FU",2
"ASV_3354","Fungi","Unassigned","Unassigned","Unassigned","Unassigned","Unassigned","Unassigned",18
"ASV_8577","Fungi","Aphelidiomycota","Unassigned","Unassigned","Unassigned","Unassigned","Unassigned",2
"ASV_5813","Fungi","Ascomycota","Eurotiomycetes","Onygenales","Unassigned","Unassigned","Unassigned",6
"ASV_7783","Fungi","Basidiomycota","Unassigned","Unassigned","Unassigned","Unassigned","Unassigned",12
"ASV_3776","Fungi","Aphelidiomycota","Aphelidiomycetes","GS16","Unassigned","Unassigned","Unassigned",10
"ASV_3590","Fungi","Ascomycota","Dothideomycetes","Pleosporales","Unassigned","Unassigned","Unassigned",52
"ASV_3896","Fungi","Unassigned","Unassigned","Unassigned","Unassigned","Unassigned","Unassigned",3
"ASV_6627","Fungi","Ascomycota","Pezizomycetes","Pezizales","Ascodesmidaceae","Cephaliophora","Cephaliophora_tropica_SH1555885.08FU",9
"ASV_3828","Fungi","Aphelidiomycota","Aphelidiomycetes","Unassigned","Unassigned","Unassigned","Unassigned",20
"ASV_6287","Fungi","Basidiomycota","Agaricomycetes","Unassigned","Unassigned","Unassigned","Unassigned",15
"ASV_5145","Fungi","Ascomycota","Sordariomycetes","Xylariales","Unassigned","Unassigned","Unassigned",2
"ASV_4140","Fungi","Rozellomycota","Unassigned","Unassigned","Unassigned","Unassigned","Unassigned",14
"ASV_8127","Fungi","Unassigned","Unassigned","Unassigned","Unassigned","Unassigned","Unassigned",9
"ASV_9274","Fungi","Unassigned","Unassigned","Unassigned","Unassigned","Unassigned","Unassigned",10
"ASV_4040","Fungi","Unassigned","Unassigned","Unassigned","Unassigned","Unassigned","Unassigned",3
"ASV_3744","Fungi","Ascomycota","Unassigned","Unassigned","Unassigned","Unassigned","Unassigned",23
"ASV_7389","Fungi","Ascomycota","Eurotiomycetes","Eurotiales","Unassigned","Unassigned","Unassigned",10
"ASV_3966","Fungi","Aphelidiomycota","Aphelidiomycetes","GS16","Unassigned","Unassigned","Unassigned",17
"ASV_4226","Fungi","Unassigned","Unassigned","Unassigned","Unassigned","Unassigned","Unassigned",13
"ASV_3990","Fungi","Ascomycota","Eurotiomycetes","Eurotiales","Aspergillaceae","Penicillium","Unassigned",2
"ASV_4284","Fungi","Ascomycota","Unassigned","Unassigned","Unassigned","Unassigned","Unassigned",52
"ASV_5814","Fungi","Ascomycota","Pezizomycetes","Pezizales","Ascodesmidaceae","Cephaliophora","Cephaliophora_tropica_SH1555885.08FU",17
"ASV_8918","Fungi","Ascomycota","Eurotiomycetes","Eurotiales","Trichocomaceae","Thermomyces","Unassigned",5
"ASV_4432","Fungi","Ascomycota","Eurotiomycetes","Eurotiales","Thermoascaceae","Byssochlamys","Unassigned",14
"ASV_4492","Fungi","Ascomycota","Unassigned","Unassigned","Unassigned","Unassigned","Unassigned",20
"ASV_5015","Fungi","Unassigned","Unassigned","Unassigned","Unassigned","Unassigned","Unassigned",2
"ASV_9132","Fungi","Aphelidiomycota","Aphelidiomycetes","GS16","Unassigned","Unassigned","Unassigned",12
"ASV_3913","Fungi","Mortierellomycota","Mortierellomycetes","Mortierellales","Mortierellaceae","Mortierella","Mortierella_elongata_SH1557088.08FU",17
"ASV_4152","Fungi","Ascomycota","Unassigned","Unassigned","Unassigned","Unassigned","Unassigned",13
"ASV_3859","Fungi","Ascomycota","Unassigned","Unassigned","Unassigned","Unassigned","Unassigned",3
"ASV_3915","Fungi","Rozellomycota","Unassigned","Unassigned","Unassigned","Unassigned","Unassigned",63
"ASV_3846","Fungi","Ascomycota","Eurotiomycetes","Eurotiales","Aspergillaceae","Penicillium","Unassigned",2
"ASV_3665","Fungi","Mortierellomycota","Mortierellomycetes","Mortierellales","Mortierellaceae","Mortierella","Mortierella_elongata_SH1557088.08FU",2
"ASV_4524","Fungi","Ascomycota","Eurotiomycetes","Eurotiales","Aspergillaceae","Penicillium","Unassigned",16
"ASV_7569","Fungi","Ascomycota","Eurotiomycetes","Onygenales","Onygenales_fam_Incertae_sedis","Chrysosporium","Chrysosporium_zonatum_SH1569400.08FU",9
"ASV_7830","Fungi","Unassigned","Unassigned","Unassigned","Unassigned","Unassigned","Unassigned",16
"ASV_3866","Fungi","Olpidiomycota","Unassigned","Unassigned","Unassigned","Unassigned","Unassigned",21
"ASV_4110","Fungi","Ascomycota","Unassigned","Unassigned","Unassigned","Unassigned","Unassigned",10
"ASV_5527","Fungi","Unassigned","Unassigned","Unassigned","Unassigned","Unassigned","Unassigned",4
"ASV_5172","Fungi","Unassigned","Unassigned","Unassigned","Unassigned","Unassigned","Unassigned",22
"ASV_6139","Fungi","Aphelidiomycota","Aphelidiomycetes","GS16","Unassigned","Unassigned","Unassigned",18
"ASV_5928","Fungi","Unassigned","Unassigned","Unassigned","Unassigned","Unassigned","Unassigned",2
"ASV_4104","Fungi","Ascomycota","Pezizomycetes","Pezizales","Ascodesmidaceae","Cephaliophora","Unassigned",17
"ASV_4433","Fungi","Unassigned","Unassigned","Unassigned","Unassigned","Unassigned","Unassigned",7
"ASV_5681","Fungi","Ascomycota","Sordariomycetes","Sordariales","Sordariales_fam_Incertae_sedis","Madurella","Unassigned",2
"ASV_9150","Fungi","Ascomycota","Eurotiomycetes","Eurotiales","Thermoascaceae","Byssochlamys","Unassigned",23
"ASV_4309","Fungi","Ascomycota","Eurotiomycetes","Onygenales","Onygenaceae","Uncinocarpus","Uncinocarpus_reesii_SH1540410.08FU",21
"ASV_4964","Fungi","Mortierellomycota","Mortierellomycetes","Mortierellales","Mortierellaceae","Mortierella","Mortierella_alpina_SH1650288.08FU",13
"ASV_6364","Fungi","Unassigned","Unassigned","Unassigned","Unassigned","Unassigned","Unassigned",20
"ASV_10224","Fungi","Basidiomycota","Unassigned","Unassigned","Unassigned","Unassigned","Unassigned",13
"ASV_4393","Fungi","Ascomycota","Eurotiomycetes","Onygenales","Onygenaceae","Uncinocarpus","Uncinocarpus_reesii_SH1540410.08FU",31
"ASV_5346","Fungi","Mortierellomycota","Mortierellomycetes","Mortierellales","Mortierellaceae","Mortierella","Mortierella_elongata_SH1557088.08FU",11
"ASV_6335","Fungi","Aphelidiomycota","Aphelidiomycetes","Unassigned","Unassigned","Unassigned","Unassigned",24
"ASV_9558","Fungi","Unassigned","Unassigned","Unassigned","Unassigned","Unassigned","Unassigned",10
"ASV_4267","Fungi","Basidiomycota","Agaricomycetes","Sebacinales","Serendipitaceae","Unassigned","Unassigned",2
"ASV_4130","Fungi","Ascomycota","Sordariomycetes","Togniniales","Togniniaceae","Phaeoacremonium","Unassigned",5
"ASV_5619","Fungi","Aphelidiomycota","Aphelidiomycetes","Unassigned","Unassigned","Unassigned","Unassigned",8
"ASV_10234","Fungi","Basidiomycota","Unassigned","Unassigned","Unassigned","Unassigned","Unassigned",12
"ASV_6290","Fungi","Unassigned","Unassigned","Unassigned","Unassigned","Unassigned","Unassigned",5
"ASV_6022","Fungi","Basidiomycota","Tremellomycetes","Tremellales","Tremellales_fam_Incertae_sedis","Cuniculitrema","Cuniculitrema_polymorpha_SH1527362.08FU",9
"ASV_4256","Fungi","Unassigned","Unassigned","Unassigned","Unassigned","Unassigned","Unassigned",12
"ASV_7540","Fungi","Ascomycota","Sordariomycetes","Hypocreales","Unassigned","Unassigned","Unassigned",3
"ASV_5121","Fungi","Unassigned","Unassigned","Unassigned","Unassigned","Unassigned","Unassigned",4
"ASV_4885","Fungi","Ascomycota","Pezizomycetes","Pezizales","Pyronemataceae","Unassigned","Unassigned",5
"ASV_9375","Fungi","Ascomycota","Eurotiomycetes","Onygenales","Onygenaceae","Uncinocarpus","Uncinocarpus_reesii_SH1540410.08FU",7
"ASV_8590","Fungi","Unassigned","Unassigned","Unassigned","Unassigned","Unassigned","Unassigned",8
"ASV_4645","Fungi","Ascomycota","Pezizomycetes","Pezizales","Ascodesmidaceae","Cephaliophora","Cephaliophora_tropica_SH1555885.08FU",2
"ASV_5961","Fungi","Aphelidiomycota","Aphelidiomycetes","Unassigned","Unassigned","Unassigned","Unassigned",11
"ASV_8211","Fungi","Ascomycota","Sordariomycetes","Glomerellales","Plectosphaerellaceae","Unassigned","Unassigned",4
"ASV_5683","Fungi","Unassigned","Unassigned","Unassigned","Unassigned","Unassigned","Unassigned",10
"ASV_4474","Fungi","Ascomycota","Sordariomycetes","Hypocreales","Hypocreales_fam_Incertae_sedis","Acremonium","Acremonium_chrysogenum_SH1183130.08FU",15
"ASV_4528","Fungi","Ascomycota","Sordariomycetes","Unassigned","Unassigned","Unassigned","Unassigned",11
"ASV_5423","Fungi","Unassigned","Unassigned","Unassigned","Unassigned","Unassigned","Unassigned",10
"ASV_4454","Fungi","Ascomycota","Sordariomycetes","Hypocreales","Hypocreales_fam_Incertae_sedis","Acremonium","Acremonium_chrysogenum_SH1183130.08FU",13
"ASV_4241","Fungi","Ascomycota","Sordariomycetes","Hypocreales","Nectriaceae","Unassigned","Unassigned",9
"ASV_7007","Fungi","Ascomycota","Eurotiomycetes","Onygenales","Onygenales_fam_Incertae_sedis","Chrysosporium","Unassigned",10
"ASV_10624","Fungi","Basidiomycota","Agaricomycetes","Unassigned","Unassigned","Unassigned","Unassigned",8
"ASV_7541","Fungi","Ascomycota","Dothideomycetes","Unassigned","Unassigned","Unassigned","Unassigned",9
"ASV_5219","Fungi","Ascomycota","Sordariomycetes","Hypocreales","Hypocreales_fam_Incertae_sedis","Acremonium","Acremonium_chrysogenum_SH1183130.08FU",14
"ASV_4653","Fungi","Mortierellomycota","Mortierellomycetes","Mortierellales","Mortierellaceae","Mortierella","Unassigned",7
"ASV_5327","Fungi","Unassigned","Unassigned","Unassigned","Unassigned","Unassigned","Unassigned",5
"ASV_5362","Fungi","Unassigned","Unassigned","Unassigned","Unassigned","Unassigned","Unassigned",6
"ASV_4570","Fungi","Olpidiomycota","Unassigned","Unassigned","Unassigned","Unassigned","Unassigned",12
"ASV_6537","Fungi","Unassigned","Unassigned","Unassigned","Unassigned","Unassigned","Unassigned",5
"ASV_4785","Fungi","Ascomycota","Sordariomycetes","Hypocreales","Hypocreales_fam_Incertae_sedis","Acremonium","Acremonium_chrysogenum_SH1183130.08FU",11
"ASV_10118","Fungi","Aphelidiomycota","Aphelidiomycetes","GS16","Unassigned","Unassigned","Unassigned",10
"ASV_5667","Fungi","Ascomycota","Unassigned","Unassigned","Unassigned","Unassigned","Unassigned",10
"ASV_10294","Fungi","Unassigned","Unassigned","Unassigned","Unassigned","Unassigned","Unassigned",7
"ASV_7996","Fungi","Unassigned","Unassigned","Unassigned","Unassigned","Unassigned","Unassigned",4
"ASV_6813","Fungi","Ascomycota","Unassigned","Unassigned","Unassigned","Unassigned","Unassigned",18
"ASV_6438","Fungi","Aphelidiomycota","Aphelidiomycetes","GS16","Unassigned","Unassigned","Unassigned",3
"ASV_10528","Fungi","Unassigned","Unassigned","Unassigned","Unassigned","Unassigned","Unassigned",9
"ASV_9748","Fungi","Unassigned","Unassigned","Unassigned","Unassigned","Unassigned","Unassigned",6
"ASV_5331","Fungi","Ascomycota","Sordariomycetes","Sordariales","Sordariales_fam_Incertae_sedis","Unassigned","Unassigned",9
"ASV_7158","Fungi","Ascomycota","Eurotiomycetes","Onygenales","Onygenales_fam_Incertae_sedis","Chrysosporium","Unassigned",2
"ASV_6157","Fungi","Ascomycota","Unassigned","Unassigned","Unassigned","Unassigned","Unassigned",7
"ASV_6100","Fungi","Aphelidiomycota","Aphelidiomycetes","GS16","Unassigned","Unassigned","Unassigned",4
"ASV_9426","Fungi","Aphelidiomycota","Aphelidiomycetes","GS16","Unassigned","Unassigned","Unassigned",3
"ASV_6619","Fungi","Unassigned","Unassigned","Unassigned","Unassigned","Unassigned","Unassigned",4
"ASV_10625","Fungi","Chytridiomycota","Unassigned","Unassigned","Unassigned","Unassigned","Unassigned",7
"ASV_9182","Fungi","Unassigned","Unassigned","Unassigned","Unassigned","Unassigned","Unassigned",3
"ASV_5134","Fungi","Ascomycota","Pezizomycetes","Pezizales","Ascodesmidaceae","Cephaliophora","Unassigned",3
"ASV_5047","Fungi","Ascomycota","Sordariomycetes","Hypocreales","Nectriaceae","Unassigned","Unassigned",16
"ASV_5774","Fungi","Unassigned","Unassigned","Unassigned","Unassigned","Unassigned","Unassigned",3
"ASV_5345","Fungi","Ascomycota","Eurotiomycetes","Onygenales","Onygenaceae","Uncinocarpus","Uncinocarpus_reesii_SH1540410.08FU",11
"ASV_5077","Fungi","Ascomycota","Unassigned","Unassigned","Unassigned","Unassigned","Unassigned",8
"ASV_6357","Fungi","Rozellomycota","Unassigned","Unassigned","Unassigned","Unassigned","Unassigned",9
"ASV_9339","Fungi","Unassigned","Unassigned","Unassigned","Unassigned","Unassigned","Unassigned",7
"ASV_6259","Fungi","Aphelidiomycota","Aphelidiomycetes","Unassigned","Unassigned","Unassigned","Unassigned",10
"ASV_5503","Fungi","Ascomycota","Unassigned","Unassigned","Unassigned","Unassigned","Unassigned",10
"ASV_5916","Fungi","Ascomycota","Eurotiomycetes","Eurotiales","Aspergillaceae","Penicillium","Unassigned",4
"ASV_6766","Fungi","Unassigned","Unassigned","Unassigned","Unassigned","Unassigned","Unassigned",3
"ASV_5480","Fungi","Mortierellomycota","Mortierellomycetes","Mortierellales","Mortierellaceae","Mortierella","Mortierella_elongata_SH1557088.08FU",11
"ASV_6457","Fungi","Aphelidiomycota","Aphelidiomycetes","GS16","Unassigned","Unassigned","Unassigned",7
"ASV_7423","Fungi","Ascomycota","Unassigned","Unassigned","Unassigned","Unassigned","Unassigned",8
"ASV_7232","Fungi","Unassigned","Unassigned","Unassigned","Unassigned","Unassigned","Unassigned",8
"ASV_5909","Fungi","Rozellomycota","Unassigned","Unassigned","Unassigned","Unassigned","Unassigned",6
"ASV_8330","Fungi","Ascomycota","Sordariomycetes","Glomerellales","Glomerellaceae","Colletotrichum","Colletotrichum_gloeosporioides_SH2218986.08FU",2
"ASV_10706","Fungi","Unassigned","Unassigned","Unassigned","Unassigned","Unassigned","Unassigned",4
"ASV_6237","Fungi","Aphelidiomycota","Aphelidiomycetes","Unassigned","Unassigned","Unassigned","Unassigned",9
"ASV_6624","Fungi","Ascomycota","Unassigned","Unassigned","Unassigned","Unassigned","Unassigned",8
"ASV_8441","Fungi","Aphelidiomycota","Aphelidiomycetes","GS16","Unassigned","Unassigned","Unassigned",2
"ASV_8338","Fungi","Rozellomycota","Unassigned","Unassigned","Unassigned","Unassigned","Unassigned",7
"ASV_9278","Fungi","Ascomycota","Eurotiomycetes","Onygenales","Onygenales_fam_Incertae_sedis","Chrysosporium","Chrysosporium_zonatum_SH1569400.08FU",5
"ASV_7255","Fungi","Unassigned","Unassigned","Unassigned","Unassigned","Unassigned","Unassigned",5
"ASV_6791","Fungi","Unassigned","Unassigned","Unassigned","Unassigned","Unassigned","Unassigned",4
"ASV_9378","Fungi","Ascomycota","Sordariomycetes","Hypocreales","Unassigned","Unassigned","Unassigned",3
"ASV_7786","Fungi","Unassigned","Unassigned","Unassigned","Unassigned","Unassigned","Unassigned",5
"ASV_5556","Fungi","Ascomycota","Sordariomycetes","Hypocreales","Hypocreales_fam_Incertae_sedis","Acremonium","Acremonium_chrysogenum_SH1183130.08FU",2
"ASV_6182","Fungi","Rozellomycota","Unassigned","Unassigned","Unassigned","Unassigned","Unassigned",4
"ASV_9549","Fungi","Unassigned","Unassigned","Unassigned","Unassigned","Unassigned","Unassigned",5
"ASV_6529","Fungi","Unassigned","Unassigned","Unassigned","Unassigned","Unassigned","Unassigned",15
"ASV_6932","Fungi","Mortierellomycota","Mortierellomycetes","Mortierellales","Mortierellaceae","Mortierella","Mortierella_elongata_SH1557088.08FU",10
"ASV_9865","Fungi","Ascomycota","Eurotiomycetes","Onygenales","Onygenales_fam_Incertae_sedis","Chrysosporium","Chrysosporium_zonatum_SH1569400.08FU",6
"ASV_10697","Fungi","Aphelidiomycota","Aphelidiomycetes","Unassigned","Unassigned","Unassigned","Unassigned",3
"ASV_5882","Fungi","Unassigned","Unassigned","Unassigned","Unassigned","Unassigned","Unassigned",4
"ASV_7958","Fungi","Ascomycota","Unassigned","Unassigned","Unassigned","Unassigned","Unassigned",2
"ASV_7012","Fungi","Aphelidiomycota","Aphelidiomycetes","GS16","Unassigned","Unassigned","Unassigned",21
"ASV_8624","Fungi","Ascomycota","Eurotiomycetes","Unassigned","Unassigned","Unassigned","Unassigned",7
"ASV_10262","Fungi","Unassigned","Unassigned","Unassigned","Unassigned","Unassigned","Unassigned",9
"ASV_9635","Fungi","Ascomycota","Sordariomycetes","Unassigned","Unassigned","Unassigned","Unassigned",3
"ASV_6347","Fungi","Ascomycota","Sordariomycetes","Microascales","Unassigned","Unassigned","Unassigned",5
"ASV_6268","Fungi","Unassigned","Unassigned","Unassigned","Unassigned","Unassigned","Unassigned",7
"ASV_8257","Fungi","Unassigned","Unassigned","Unassigned","Unassigned","Unassigned","Unassigned",6
"ASV_7419","Fungi","Aphelidiomycota","Aphelidiomycetes","GS16","Unassigned","Unassigned","Unassigned",9
"ASV_7715","Fungi","Aphelidiomycota","Aphelidiomycetes","Unassigned","Unassigned","Unassigned","Unassigned",3
"ASV_6132","Fungi","Ascomycota","Sordariomycetes","Microascales","Unassigned","Unassigned","Unassigned",8
"ASV_9131","Fungi","Unassigned","Unassigned","Unassigned","Unassigned","Unassigned","Unassigned",7
"ASV_6649","Fungi","Mortierellomycota","Mortierellomycetes","Mortierellales","Mortierellaceae","Mortierella","Mortierella_elongata_SH1557088.08FU",6
"ASV_7040","Fungi","Ascomycota","Sordariomycetes","Microascales","Unassigned","Unassigned","Unassigned",7
"ASV_8399","Fungi","Ascomycota","Eurotiomycetes","Eurotiales","Aspergillaceae","Penicillium","Unassigned",6
"ASV_6068","Fungi","Ascomycota","Sordariomycetes","Hypocreales","Hypocreales_fam_Incertae_sedis","Acremonium","Acremonium_chrysogenum_SH1183130.08FU",5
"ASV_7936","Fungi","Ascomycota","Unassigned","Unassigned","Unassigned","Unassigned","Unassigned",3
"ASV_10172","Fungi","Ascomycota","Eurotiomycetes","Onygenales","Onygenales_fam_Incertae_sedis","Chrysosporium","Unassigned",9
"ASV_6815","Fungi","Unassigned","Unassigned","Unassigned","Unassigned","Unassigned","Unassigned",9
"ASV_9036","Fungi","Ascomycota","Unassigned","Unassigned","Unassigned","Unassigned","Unassigned",3
"ASV_8241","Fungi","Ascomycota","Sordariomycetes","Microascales","Unassigned","Unassigned","Unassigned",7
"ASV_10107","Fungi","Ascomycota","Eurotiomycetes","Onygenales","Onygenales_fam_Incertae_sedis","Chrysosporium","Chrysosporium_zonatum_SH1569400.08FU",4
"ASV_9430","Fungi","Aphelidiomycota","Aphelidiomycetes","GS16","Unassigned","Unassigned","Unassigned",3
"ASV_7091","Fungi","Ascomycota","Sordariomycetes","Microascales","Unassigned","Unassigned","Unassigned",5
"ASV_7486","Fungi","Ascomycota","Eurotiomycetes","Eurotiales","Aspergillaceae","Aspergillus","Aspergillus_chlamydosporus_SH1574214.08FU",2
"ASV_7230","Fungi","Ascomycota","Sordariomycetes","Microascales","Unassigned","Unassigned","Unassigned",7
"ASV_6958","Fungi","Aphelidiomycota","Aphelidiomycetes","GS16","Unassigned","Unassigned","Unassigned",5
"ASV_7025","Fungi","Ascomycota","Pezizomycetes","Pezizales","Pyronemataceae","Unassigned","Unassigned",11
"ASV_7049","Fungi","Ascomycota","Eurotiomycetes","Onygenales","Onygenaceae","Uncinocarpus","Uncinocarpus_reesii_SH1540410.08FU",3
"ASV_7908","Fungi","Unassigned","Unassigned","Unassigned","Unassigned","Unassigned","Unassigned",7
"ASV_9583","Fungi","Unassigned","Unassigned","Unassigned","Unassigned","Unassigned","Unassigned",4
"ASV_7961","Fungi","Ascomycota","Sordariomycetes","Hypocreales","Hypocreales_fam_Incertae_sedis","Acremonium","Acremonium_chrysogenum_SH1183130.08FU",3
"ASV_7102","Fungi","Mortierellomycota","Mortierellomycetes","Mortierellales","Mortierellaceae","Mortierella","Unassigned",2
"ASV_8945","Fungi","Ascomycota","Sordariomycetes","Sordariales","Sordariales_fam_Incertae_sedis","Madurella","Unassigned",3
"ASV_7420","Fungi","Ascomycota","Eurotiomycetes","Eurotiales","Aspergillaceae","Penicillium","Unassigned",3
"ASV_9740","Fungi","Ascomycota","Eurotiomycetes","Onygenales","Gymnoascaceae","Arachniotus","Arachniotus_dankaliensis_SH1538794.08FU",5
"ASV_6683","Fungi","Basidiomycota","Agaricomycetes","Agaricales","Stephanosporaceae","Myriococcum","Myriococcum_thermophilum_SH1615682.08FU",2
"ASV_7882","Fungi","Aphelidiomycota","Aphelidiomycetes","Unassigned","Unassigned","Unassigned","Unassigned",3
"ASV_8217","Fungi","Mortierellomycota","Mortierellomycetes","Mortierellales","Mortierellaceae","Mortierella","Unassigned",4
"ASV_7316","Fungi","Unassigned","Unassigned","Unassigned","Unassigned","Unassigned","Unassigned",2
"ASV_10569","Fungi","Unassigned","Unassigned","Unassigned","Unassigned","Unassigned","Unassigned",6
"ASV_9973","Fungi","Unassigned","Unassigned","Unassigned","Unassigned","Unassigned","Unassigned",4
"ASV_7262","Fungi","Unassigned","Unassigned","Unassigned","Unassigned","Unassigned","Unassigned",7
"ASV_7421","Fungi","Ascomycota","Unassigned","Unassigned","Unassigned","Unassigned","Unassigned",11
"ASV_7070","Fungi","Ascomycota","Unassigned","Unassigned","Unassigned","Unassigned","Unassigned",4
"ASV_7494","Fungi","Rozellomycota","Unassigned","Unassigned","Unassigned","Unassigned","Unassigned",11
"ASV_8354","Fungi","Ascomycota","Sordariomycetes","Sordariales","Sordariales_fam_Incertae_sedis","Madurella","Unassigned",5
"ASV_8779","Fungi","Unassigned","Unassigned","Unassigned","Unassigned","Unassigned","Unassigned",4
"ASV_10495","Fungi","Aphelidiomycota","Aphelidiomycetes","GS16","Unassigned","Unassigned","Unassigned",2
"ASV_8535","Fungi","Ascomycota","Pezizomycetes","Pezizales","Ascodesmidaceae","Cephaliophora","Unassigned",2
"ASV_10742","Fungi","Rozellomycota","Unassigned","Unassigned","Unassigned","Unassigned","Unassigned",4
"ASV_9819","Fungi","Unassigned","Unassigned","Unassigned","Unassigned","Unassigned","Unassigned",4
"ASV_7647","Fungi","Unassigned","Unassigned","Unassigned","Unassigned","Unassigned","Unassigned",6
"ASV_10756","Fungi","Aphelidiomycota","Aphelidiomycetes","Unassigned","Unassigned","Unassigned","Unassigned",3
"ASV_7895","Fungi","Ascomycota","Eurotiomycetes","Eurotiales","Trichocomaceae","Thermomyces","Unassigned",6
"ASV_8234","Fungi","Ascomycota","Eurotiomycetes","Eurotiales","Aspergillaceae","Penicillium","Unassigned",8
"ASV_9836","Fungi","Ascomycota","Sordariomycetes","Glomerellales","Plectosphaerellaceae","Unassigned","Unassigned",2
"ASV_9465","Fungi","Unassigned","Unassigned","Unassigned","Unassigned","Unassigned","Unassigned",6
"ASV_8741","Fungi","Unassigned","Unassigned","Unassigned","Unassigned","Unassigned","Unassigned",2
"ASV_10225","Fungi","Aphelidiomycota","Aphelidiomycetes","Unassigned","Unassigned","Unassigned","Unassigned",3
"ASV_10255","Fungi","Unassigned","Unassigned","Unassigned","Unassigned","Unassigned","Unassigned",3
"ASV_7325","Fungi","Mortierellomycota","Mortierellomycetes","Mortierellales","Mortierellaceae","Mortierella","Mortierella_elongata_SH1557088.08FU",14
"ASV_9146","Fungi","Ascomycota","Sordariomycetes","Microascales","Unassigned","Unassigned","Unassigned",6
"ASV_7567","Fungi","Ascomycota","Sordariomycetes","Microascales","Unassigned","Unassigned","Unassigned",2
"ASV_9683","Fungi","Unassigned","Unassigned","Unassigned","Unassigned","Unassigned","Unassigned",5
"ASV_9666","Fungi","Rozellomycota","Unassigned","Unassigned","Unassigned","Unassigned","Unassigned",2
"ASV_7915","Fungi","Ascomycota","Eurotiomycetes","Eurotiales","Trichocomaceae","Thermomyces","Unassigned",7
"ASV_10420","Fungi","Ascomycota","Sordariomycetes","Microascales","Unassigned","Unassigned","Unassigned",13
"ASV_9794","Fungi","Basidiomycota","Unassigned","Unassigned","Unassigned","Unassigned","Unassigned",5
"ASV_8014","Fungi","Olpidiomycota","Unassigned","Unassigned","Unassigned","Unassigned","Unassigned",2
"ASV_8690","Fungi","Unassigned","Unassigned","Unassigned","Unassigned","Unassigned","Unassigned",2
"ASV_9004","Fungi","Aphelidiomycota","Aphelidiomycetes","GS16","Unassigned","Unassigned","Unassigned",10
"ASV_9573","Fungi","Ascomycota","Eurotiomycetes","Eurotiales","Trichocomaceae","Thermomyces","Unassigned",2
"ASV_8340","Fungi","Unassigned","Unassigned","Unassigned","Unassigned","Unassigned","Unassigned",3
"ASV_8231","Fungi","Mortierellomycota","Mortierellomycetes","Mortierellales","Mortierellaceae","Mortierella","Mortierella_elongata_SH1557088.08FU",2
"ASV_8004","Fungi","Mortierellomycota","Mortierellomycetes","Mortierellales","Mortierellaceae","Mortierella","Mortierella_elongata_SH1557088.08FU",2
"ASV_10585","Fungi","Ascomycota","Eurotiomycetes","Eurotiales","Thermoascaceae","Byssochlamys","Unassigned",4
"ASV_9319","Fungi","Ascomycota","Dothideomycetes","Pleosporales","Sporormiaceae","Preussia","Unassigned",3
"ASV_8999","Fungi","Aphelidiomycota","Aphelidiomycetes","GS16","Unassigned","Unassigned","Unassigned",3
"ASV_9005","Fungi","Ascomycota","Unassigned","Unassigned","Unassigned","Unassigned","Unassigned",6
"ASV_9802","Fungi","Mortierellomycota","Mortierellomycetes","Mortierellales","Mortierellaceae","Mortierella","Unassigned",4
"ASV_9173","Fungi","Unassigned","Unassigned","Unassigned","Unassigned","Unassigned","Unassigned",3
"ASV_9438","Fungi","Ascomycota","Sordariomycetes","Hypocreales","Hypocreales_fam_Incertae_sedis","Acremonium","Acremonium_chrysogenum_SH1183130.08FU",3
"ASV_8319","Fungi","Ascomycota","Sordariomycetes","Hypocreales","Nectriaceae","Unassigned","Unassigned",5
"ASV_9541","Fungi","Unassigned","Unassigned","Unassigned","Unassigned","Unassigned","Unassigned",2
"ASV_8923","Fungi","Ascomycota","Sordariomycetes","Unassigned","Unassigned","Unassigned","Unassigned",5
"ASV_9390","Fungi","Ascomycota","Unassigned","Unassigned","Unassigned","Unassigned","Unassigned",3
"ASV_9467","Fungi","Ascomycota","Eurotiomycetes","Eurotiales","Aspergillaceae","Penicillium","Unassigned",4
"ASV_9294","Fungi","Ascomycota","Unassigned","Unassigned","Unassigned","Unassigned","Unassigned",5
"ASV_8010","Fungi","Unassigned","Unassigned","Unassigned","Unassigned","Unassigned","Unassigned",5
"ASV_9489","Fungi","Aphelidiomycota","Unassigned","Unassigned","Unassigned","Unassigned","Unassigned",2
"ASV_8744","Fungi","Aphelidiomycota","Unassigned","Unassigned","Unassigned","Unassigned","Unassigned",5
"ASV_10728","Fungi","Unassigned","Unassigned","Unassigned","Unassigned","Unassigned","Unassigned",2
"ASV_10581","Fungi","Unassigned","Unassigned","Unassigned","Unassigned","Unassigned","Unassigned",2
"ASV_9021","Fungi","Ascomycota","Unassigned","Unassigned","Unassigned","Unassigned","Unassigned",2
"ASV_9884","Fungi","Basidiomycota","Agaricomycetes","Unassigned","Unassigned","Unassigned","Unassigned",8
"ASV_8537","Fungi","Mortierellomycota","Mortierellomycetes","Mortierellales","Mortierellaceae","Mortierella","Mortierella_elongata_SH1557088.08FU",3
"ASV_10388","Fungi","Aphelidiomycota","Aphelidiomycetes","Unassigned","Unassigned","Unassigned","Unassigned",8
"ASV_10521","Fungi","Unassigned","Unassigned","Unassigned","Unassigned","Unassigned","Unassigned",2
"ASV_10740","Fungi","Unassigned","Unassigned","Unassigned","Unassigned","Unassigned","Unassigned",5
"ASV_10487","Fungi","Aphelidiomycota","Aphelidiomycetes","Unassigned","Unassigned","Unassigned","Unassigned",6
"ASV_10734","Fungi","Aphelidiomycota","Aphelidiomycetes","GS16","Unassigned","Unassigned","Unassigned",2
"ASV_10106","Fungi","Ascomycota","Eurotiomycetes","Eurotiales","Aspergillaceae","Penicillium","Unassigned",5
"ASV_10391","Fungi","Unassigned","Unassigned","Unassigned","Unassigned","Unassigned","Unassigned",2
"ASV_10175","Fungi","Ascomycota","Eurotiomycetes","Eurotiales","Trichocomaceae","Thermomyces","Unassigned",2
"ASV_10663","Fungi","Aphelidiomycota","Aphelidiomycetes","GS16","Unassigned","Unassigned","Unassigned",3
"ASV_10656","Fungi","Ascomycota","Sordariomycetes","Hypocreales","Hypocreales_fam_Incertae_sedis","Acremonium","Acremonium_chrysogenum_SH1183130.08FU",3
"ASV_10720","Fungi","Ascomycota","Eurotiomycetes","Eurotiales","Trichocomaceae","Thermomyces","Unassigned",2
"ASV_10820","Fungi","Ascomycota","Unassigned","Unassigned","Unassigned","Unassigned","Unassigned",4
