"","Means","SD"
"num.edges",4236,0
"num.pos.edges",0,0
"num.neg.edges",0,0
"num.vertices",548,0
"connectance",0.0282629872296134,0
"average.degree",15.4598540145985,0
"average.path.length",2.6058050414337,0.00111530495415421
"diameter",4.004,0.0631505185092568
"edge.connectivity",5.106,1.05824566329557
"clustering.coefficient",0.0282734827356829,0.00110053584422246
"no.clusters",1,0
"centralization.degree",0.0239929542694725,0.00327446348891136
"centralization.betweenness",0.00647446371419996,0.0011385637758096
"centralization.closeness",0.079844553122067,0.00946580537564376
