sampleID	group	Group1	Treat	Pathogen
AllB1	day1	CrossKCK	All	CK
AllB2	day1	CrossKCK	All	CK
AllB3	day1	CrossKCK	All	CK
AllC1	day28	CrossKCK	All	CK
AllC2	day28	CrossKCK	All	CK
AllC3	day28	CrossKCK	All	CK
AllD1	day35	CrossKCK	All	CK
AllD2	day35	CrossKCK	All	CK
AllD3	day35	CrossKCK	All	CK
AllF1	day42	CrossKCK	All	CK
AllF2	day42	CrossKCK	All	CK
AllF3	day42	CrossKCK	All	CK
AllPB1	day1	CrossKFOL	All	Fol
AllPB2	day1	CrossKFOL	All	Fol
AllPB3	day1	CrossKFOL	All	Fol
AllPC1	day28	CrossKFOL	All	Fol
AllPC2	day28	CrossKFOL	All	Fol
AllPC3	day28	CrossKFOL	All	Fol
AllPD1	day35	CrossKFOL	All	Fol
AllPD2	day35	CrossKFOL	All	Fol
AllPD3	day35	CrossKFOL	All	Fol
AllPF1	day42	CrossKFOL	All	Fol
AllPF2	day42	CrossKFOL	All	Fol
AllPF3	day42	CrossKFOL	All	Fol
AllPU1	day4	CrossKFOL	All	Fol
AllPU2	day4	CrossKFOL	All	Fol
AllPU3	day4	CrossKFOL	All	Fol
AllPW1	day7	CrossKFOL	All	Fol
AllPW2	day7	CrossKFOL	All	Fol
AllPW3	day7	CrossKFOL	All	Fol
AllPY1	day21	CrossKFOL	All	Fol
AllPY2	day21	CrossKFOL	All	Fol
AllPY3	day21	CrossKFOL	All	Fol
AllPZ1	day14	CrossKFOL	All	Fol
AllPZ2	day14	CrossKFOL	All	Fol
AllPZ3	day14	CrossKFOL	All	Fol
AllU1	day4	CrossKCK	All	CK
AllU2	day4	CrossKCK	All	CK
AllU3	day4	CrossKCK	All	CK
AllW1	day7	CrossKCK	All	CK
AllW2	day7	CrossKCK	All	CK
AllW3	day7	CrossKCK	All	CK
AllY1	day21	CrossKCK	All	CK
AllY2	day21	CrossKCK	All	CK
AllY3	day21	CrossKCK	All	CK
AllZ1	day14	CrossKCK	All	CK
AllZ2	day14	CrossKCK	All	CK
AllZ3	day14	CrossKCK	All	CK
FunB1	day1	FunCK	Fun	CK
FunB2	day1	FunCK	Fun	CK
FunB3	day1	FunCK	Fun	CK
FunC1	day28	FunCK	Fun	CK
FunC2	day28	FunCK	Fun	CK
FunC3	day28	FunCK	Fun	CK
FunD1	day35	FunCK	Fun	CK
FunD2	day35	FunCK	Fun	CK
FunD3	day35	FunCK	Fun	CK
FunF1	day42	FunCK	Fun	CK
FunF2	day42	FunCK	Fun	CK
FunF3	day42	FunCK	Fun	CK
FunPB1	day1	FunFOL	Fun	Fol
FunPB2	day1	FunFOL	Fun	Fol
FunPB3	day1	FunFOL	Fun	Fol
FunPC1	day28	FunFOL	Fun	Fol
FunPC2	day28	FunFOL	Fun	Fol
FunPC3	day28	FunFOL	Fun	Fol
FunPD1	day35	FunFOL	Fun	Fol
FunPD2	day35	FunFOL	Fun	Fol
FunPD3	day35	FunFOL	Fun	Fol
FunPF1	day42	FunFOL	Fun	Fol
FunPF2	day42	FunFOL	Fun	Fol
FunPF3	day42	FunFOL	Fun	Fol
FunPU1	day4	FunFOL	Fun	Fol
FunPU2	day4	FunFOL	Fun	Fol
FunPU3	day4	FunFOL	Fun	Fol
FunPW1	day7	FunFOL	Fun	Fol
FunPW2	day7	FunFOL	Fun	Fol
FunPW3	day7	FunFOL	Fun	Fol
FunPY1	day21	FunFOL	Fun	Fol
FunPY2	day21	FunFOL	Fun	Fol
FunPY3	day21	FunFOL	Fun	Fol
FunPZ1	day14	FunFOL	Fun	Fol
FunPZ2	day14	FunFOL	Fun	Fol
FunPZ3	day14	FunFOL	Fun	Fol
FunU1	day4	FunCK	Fun	CK
FunU2	day4	FunCK	Fun	CK
FunU3	day4	FunCK	Fun	CK
FunW1	day7	FunCK	Fun	CK
FunW2	day7	FunCK	Fun	CK
FunW3	day7	FunCK	Fun	CK
FunY1	day21	FunCK	Fun	CK
FunY2	day21	FunCK	Fun	CK
FunY3	day21	FunCK	Fun	CK
FunZ1	day14	FunCK	Fun	CK
FunZ2	day14	FunCK	Fun	CK
FunZ3	day14	FunCK	Fun	CK