"","Means","SD"
"num.edges",2465,0
"num.pos.edges",0,0
"num.neg.edges",0,0
"num.vertices",651,0
"connectance",0.0116507148765213,0
"average.degree",7.57296466973886,0
"average.path.length",3.42605856836146,0.00474651716072424
"diameter",6.138,0.345072564941166
"edge.connectivity",0.785,0.524452142764285
"clustering.coefficient",0.011636598074939,0.00130028117091355
"no.clusters",1.318,0.570264150373492
"centralization.degree",0.0150677466619402,0.00206642080589071
"centralization.betweenness",0.0130374271074642,0.00232764310202165
"centralization.closeness",0.0804537237449235,0.0199422512729606
