sampleID	group	Group1	Treat	Pathogen
BacPB1	day1	BacFol	Bac	Fol
BacPB2	day1	BacFol	Bac	Fol
BacPB3	day1	BacFol	Bac	Fol
BacPC1	day28	BacFol	Bac	Fol
BacPC2	day28	BacFol	Bac	Fol
BacPC3	day28	BacFol	Bac	Fol
BacPD1	day35	BacFol	Bac	Fol
BacPD2	day35	BacFol	Bac	Fol
BacPD3	day35	BacFol	Bac	Fol
BacPF1	day42	BacFol	Bac	Fol
BacPF2	day42	BacFol	Bac	Fol
BacPF3	day42	BacFol	Bac	Fol
BacPU1	day4	BacFol	Bac	Fol
BacPU2	day4	BacFol	Bac	Fol
BacPU3	day4	BacFol	Bac	Fol
BacPW1	day7	BacFol	Bac	Fol
BacPW2	day7	BacFol	Bac	Fol
BacPW3	day7	BacFol	Bac	Fol
BacPY1	day21	BacFol	Bac	Fol
BacPY2	day21	BacFol	Bac	Fol
BacPY3	day21	BacFol	Bac	Fol
BacPZ1	day14	BacFol	Bac	Fol
BacPZ3	day14	BacFol	Bac	Fol
BactPZ2	day14	BacFol	Bac	Fol
