sampleID	group	Group1	Treat	Pathogen
FunB1	day1	FunCK	Fun	CK
FunB2	day1	FunCK	Fun	CK
FunB3	day1	FunCK	Fun	CK
FunC1	day28	FunCK	Fun	CK
FunC2	day28	FunCK	Fun	CK
FunC3	day28	FunCK	Fun	CK
FunD1	day35	FunCK	Fun	CK
FunD2	day35	FunCK	Fun	CK
FunD3	day35	FunCK	Fun	CK
FunF1	day42	FunCK	Fun	CK
FunF2	day42	FunCK	Fun	CK
FunF3	day42	FunCK	Fun	CK
FunU1	day4	FunCK	Fun	CK
FunU2	day4	FunCK	Fun	CK
FunU3	day4	FunCK	Fun	CK
FunW1	day7	FunCK	Fun	CK
FunW2	day7	FunCK	Fun	CK
FunW3	day7	FunCK	Fun	CK
FunY1	day21	FunCK	Fun	CK
FunY2	day21	FunCK	Fun	CK
FunY3	day21	FunCK	Fun	CK
FunZ1	day14	FunCK	Fun	CK
FunZ2	day14	FunCK	Fun	CK
FunZ3	day14	FunCK	Fun	CK
