sampleID	group	Group1	Treat	Pathogen
FunPB1	day1	FunFol	Fun	Fol
FunPB2	day1	FunFol	Fun	Fol
FunPB3	day1	FunFol	Fun	Fol
FunPC1	day28	FunFol	Fun	Fol
FunPC2	day28	FunFol	Fun	Fol
FunPC3	day28	FunFol	Fun	Fol
FunPD1	day35	FunFol	Fun	Fol
FunPD2	day35	FunFol	Fun	Fol
FunPD3	day35	FunFol	Fun	Fol
FunPF1	day42	FunFol	Fun	Fol
FunPF2	day42	FunFol	Fun	Fol
FunPF3	day42	FunFol	Fun	Fol
FunPU1	day4	FunFol	Fun	Fol
FunPU2	day4	FunFol	Fun	Fol
FunPU3	day4	FunFol	Fun	Fol
FunPW1	day7	FunFol	Fun	Fol
FunPW2	day7	FunFol	Fun	Fol
FunPW3	day7	FunFol	Fun	Fol
FunPY1	day21	FunFol	Fun	Fol
FunPY2	day21	FunFol	Fun	Fol
FunPY3	day21	FunFol	Fun	Fol
FunPZ1	day14	FunFol	Fun	Fol
FunPZ2	day14	FunFol	Fun	Fol
FunPZ3	day14	FunFol	Fun	Fol
