"","Means","SD"
"num.edges",2130,0
"num.pos.edges",0,0
"num.neg.edges",0,0
"num.vertices",1156,0
"connectance",0.00319058104525233,0
"average.degree",3.68512110726644,0
"average.path.length",5.48911726225557,0.03167244910988
"diameter",11.908,0.773391320182826
"edge.connectivity",0,0
"clustering.coefficient",0.00317279787798455,0.00114540638490127
"no.clusters",31.116,5.29892655380527
"centralization.degree",0.00665097739630612,0.00089365429512491
"centralization.betweenness",0.0233392360805018,0.00437305662104709
"centralization.closeness",0.0031313913567079,0.000613924421290783
