sampleID	group	Group1	Treat	Pathogen	group1
AllT1	day0	CrossKFOL	All	CK	early
AllT2	day0	CrossKFOL	All	CK	early
AllT3	day0	CrossKFOL	All	CK	early
BacT1	day0	BacCK	Bac	CK	early
BacT2	day0	BacCK	Bac	CK	early
BacT3	day0	BacCK	Bac	CK	early
AllB1	day1	CrossKCK	All	CK	early
AllB2	day1	CrossKCK	All	CK	early
AllB3	day1	CrossKCK	All	CK	early
AllPB1	day1	CrossKFOL	All	Fol	early
AllPB2	day1	CrossKFOL	All	Fol	early
AllPB3	day1	CrossKFOL	All	Fol	early
BacB1	day1	BacCK	Bac	CK	early
BacB2	day1	BacCK	Bac	CK	early
BacB3	day1	BacCK	Bac	CK	early
BacPB1	day1	BacFOL	Bac	Fol	early
BacPB2	day1	BacFOL	Bac	Fol	early
BacPB3	day1	BacFOL	Bac	Fol	early
AllPZ1	day14	CrossKFOL	All	Fol	early
AllPZ2	day14	CrossKFOL	All	Fol	early
AllPZ3	day14	CrossKFOL	All	Fol	early
AllZ1	day14	CrossKCK	All	CK	early
AllZ2	day14	CrossKCK	All	CK	early
AllZ3	day14	CrossKCK	All	CK	early
BacPZ1	day14	BacFOL	Bac	Fol	early
BacPZ3	day14	BacFOL	Bac	Fol	early
BacZ1	day14	BacCK	Bac	CK	early
BacZ2	day14	BacCK	Bac	CK	early
BacZ3	day14	BacCK	Bac	CK	early
BactPZ2	day14	BacFOL	Bac	Fol	early
AllPY1	day21	CrossKFOL	All	Fol	early
AllPY2	day21	CrossKFOL	All	Fol	early
AllPY3	day21	CrossKFOL	All	Fol	early
AllY1	day21	CrossKCK	All	CK	early
AllY2	day21	CrossKCK	All	CK	early
AllY3	day21	CrossKCK	All	CK	early
BacPY1	day21	BacFOL	Bac	Fol	early
BacPY2	day21	BacFOL	Bac	Fol	early
BacPY3	day21	BacFOL	Bac	Fol	early
BacY1	day21	BacCK	Bac	CK	early
BacY2	day21	BacCK	Bac	CK	early
BacY3	day21	BacCK	Bac	CK	early
AllC1	day28	CrossKCK	All	CK	late
AllC2	day28	CrossKCK	All	CK	late
AllC3	day28	CrossKCK	All	CK	late
AllPC1	day28	CrossKFOL	All	Fol	late
AllPC2	day28	CrossKFOL	All	Fol	late
AllPC3	day28	CrossKFOL	All	Fol	late
BacC3	day28	BacCK	Bac	CK	late
BacPC1	day28	BacFOL	Bac	Fol	late
BacPC2	day28	BacFOL	Bac	Fol	late
BacPC3	day28	BacFOL	Bac	Fol	late
AllD1	day35	CrossKCK	All	CK	late
AllD2	day35	CrossKCK	All	CK	late
AllD3	day35	CrossKCK	All	CK	late
AllPD1	day35	CrossKFOL	All	Fol	late
AllPD2	day35	CrossKFOL	All	Fol	late
AllPD3	day35	CrossKFOL	All	Fol	late
BacD1	day35	BacCK	Bac	CK	late
BacD2	day35	BacCK	Bac	CK	late
BacD3	day35	BacCK	Bac	CK	late
BacPD1	day35	BacFOL	Bac	Fol	late
BacPD2	day35	BacFOL	Bac	Fol	late
BacPD3	day35	BacFOL	Bac	Fol	late
AllPU1	day4	CrossKFOL	All	Fol	late
AllPU2	day4	CrossKFOL	All	Fol	late
AllPU3	day4	CrossKFOL	All	Fol	late
AllU1	day4	CrossKCK	All	CK	late
AllU2	day4	CrossKCK	All	CK	late
AllU3	day4	CrossKCK	All	CK	late
BacPU1	day4	BacFOL	Bac	Fol	late
BacPU2	day4	BacFOL	Bac	Fol	late
BacPU3	day4	BacFOL	Bac	Fol	late
BacU1	day4	BacCK	Bac	CK	late
BacU2	day4	BacCK	Bac	CK	late
BacU3	day4	BacCK	Bac	CK	late
AllF1	day42	CrossKCK	All	CK	late
AllF2	day42	CrossKCK	All	CK	late
AllF3	day42	CrossKCK	All	CK	late
AllPF1	day42	CrossKFOL	All	Fol	late
AllPF2	day42	CrossKFOL	All	Fol	late
AllPF3	day42	CrossKFOL	All	Fol	late
BacF1	day42	BacCK	Bac	CK	late
BacF2	day42	BacCK	Bac	CK	late
BacF3	day42	BacCK	Bac	CK	late
BacPF1	day42	BacFOL	Bac	Fol	late
BacPF2	day42	BacFOL	Bac	Fol	late
BacPF3	day42	BacFOL	Bac	Fol	late
AllPW1	day7	CrossKFOL	All	Fol	late
AllPW2	day7	CrossKFOL	All	Fol	late
AllPW3	day7	CrossKFOL	All	Fol	late
AllW1	day7	CrossKCK	All	CK	late
AllW2	day7	CrossKCK	All	CK	late
AllW3	day7	CrossKCK	All	CK	late
BacPW1	day7	BacFOL	Bac	Fol	late
BacPW2	day7	BacFOL	Bac	Fol	late
BacPW3	day7	BacFOL	Bac	Fol	late
BacW1	day7	BacCK	Bac	CK	late
BacW2	day7	BacCK	Bac	CK	late
BacW3	day7	BacCK	Bac	CK	late
