"","Kingdom","Phylum","Class","Order","Family","Genus","Species","otu_abundance"
"ASV_1","Fungi","Unassigned","Unassigned","Unassigned","Unassigned","Unassigned","Unassigned",43219
"ASV_9","Fungi","Unassigned","Unassigned","Unassigned","Unassigned","Unassigned","Unassigned",4604
"ASV_3","Fungi","Ascomycota","Sordariomycetes","Glomerellales","Glomerellaceae","Colletotrichum","Colletotrichum_coccodes_SH1543710.08FU",20259
"ASV_7","Fungi","Ascomycota","Sordariomycetes","Sordariales","Unassigned","Unassigned","Unassigned",977
"ASV_58","Fungi","Ascomycota","Pezizomycetes","Pezizales","Unassigned","Unassigned","Unassigned",903
"ASV_32","Fungi","Ascomycota","Pezizomycetes","Pezizales","Unassigned","Unassigned","Unassigned",865
"ASV_11","Fungi","Unassigned","Unassigned","Unassigned","Unassigned","Unassigned","Unassigned",5467
"ASV_8","Fungi","Unassigned","Unassigned","Unassigned","Unassigned","Unassigned","Unassigned",1451
"ASV_22","Fungi","Unassigned","Unassigned","Unassigned","Unassigned","Unassigned","Unassigned",3497
"ASV_5","Fungi","Ascomycota","Eurotiomycetes","Eurotiales","Aspergillaceae","Aspergillus","Unassigned",5196
"ASV_44","Fungi","Ascomycota","Pezizomycetes","Pezizales","Unassigned","Unassigned","Unassigned",573
"ASV_35","Fungi","Ascomycota","Sordariomycetes","Sordariales","Unassigned","Unassigned","Unassigned",989
"ASV_425","Fungi","Ascomycota","Sordariomycetes","Glomerellales","Plectosphaerellaceae","Plectosphaerella","Plectosphaerella_cucumerina_SH1644454.08FU",3730
"ASV_17","Fungi","Ascomycota","Dothideomycetes","Pleosporales","Phaeosphaeriaceae","Unassigned","Unassigned",2532
"ASV_50","Fungi","Unassigned","Unassigned","Unassigned","Unassigned","Unassigned","Unassigned",3699
"ASV_10","Fungi","Ascomycota","Eurotiomycetes","Eurotiales","Aspergillaceae","Penicillium","Unassigned",46
"ASV_21","Fungi","Unassigned","Unassigned","Unassigned","Unassigned","Unassigned","Unassigned",4218
"ASV_49","Fungi","Unassigned","Unassigned","Unassigned","Unassigned","Unassigned","Unassigned",1087
"ASV_13","Fungi","Ascomycota","Sordariomycetes","Hypocreales","Hypocreales_fam_Incertae_sedis","Acremonium","Acremonium_dichromosporum_SH1773219.08FU",34
"ASV_16","Fungi","Mortierellomycota","Mortierellomycetes","Mortierellales","Mortierellaceae","Mortierella","Mortierella_alpina_SH1650283.08FU",197
"ASV_15","Fungi","Unassigned","Unassigned","Unassigned","Unassigned","Unassigned","Unassigned",107
"ASV_18","Fungi","Unassigned","Unassigned","Unassigned","Unassigned","Unassigned","Unassigned",4029
"ASV_36","Fungi","Unassigned","Unassigned","Unassigned","Unassigned","Unassigned","Unassigned",2362
"ASV_2715","Fungi","Unassigned","Unassigned","Unassigned","Unassigned","Unassigned","Unassigned",2152
"ASV_23","Fungi","Unassigned","Unassigned","Unassigned","Unassigned","Unassigned","Unassigned",192
"ASV_34","Fungi","Ascomycota","Eurotiomycetes","Eurotiales","Aspergillaceae","Penicillium","Penicillium_guaibinense_SH1535852.08FU",1876
"ASV_89","Fungi","Unassigned","Unassigned","Unassigned","Unassigned","Unassigned","Unassigned",1789
"ASV_28","Fungi","Mortierellomycota","Mortierellomycetes","Mortierellales","Mortierellaceae","Mortierella","Unassigned",20
"ASV_46","Fungi","Unassigned","Unassigned","Unassigned","Unassigned","Unassigned","Unassigned",1899
"ASV_37","Fungi","Ascomycota","Leotiomycetes","Thelebolales","Thelebolaceae","Unassigned","Unassigned",3094
"ASV_110","Fungi","Unassigned","Unassigned","Unassigned","Unassigned","Unassigned","Unassigned",885
"ASV_267","Fungi","Ascomycota","Dothideomycetes","Pleosporales","Phaeosphaeriaceae","Unassigned","Unassigned",2127
"ASV_59","Fungi","Ascomycota","Sordariomycetes","Hypocreales","Unassigned","Unassigned","Unassigned",1732
"ASV_54","Fungi","Unassigned","Unassigned","Unassigned","Unassigned","Unassigned","Unassigned",174
"ASV_38","Fungi","Unassigned","Unassigned","Unassigned","Unassigned","Unassigned","Unassigned",31
"ASV_48","Fungi","Ascomycota","Eurotiomycetes","Eurotiales","Aspergillaceae","Penicillium","Unassigned",1345
"ASV_39","Fungi","Ascomycota","Leotiomycetes","Thelebolales","Thelebolaceae","Unassigned","Unassigned",2462
"ASV_83","Fungi","Ascomycota","Unassigned","Unassigned","Unassigned","Unassigned","Unassigned",1237
"ASV_94","Fungi","Ascomycota","Sordariomycetes","Sordariales","Sordariaceae","Unassigned","Unassigned",771
"ASV_73","Fungi","Unassigned","Unassigned","Unassigned","Unassigned","Unassigned","Unassigned",1589
"ASV_52","Fungi","Unassigned","Unassigned","Unassigned","Unassigned","Unassigned","Unassigned",19
"ASV_72","Fungi","Unassigned","Unassigned","Unassigned","Unassigned","Unassigned","Unassigned",35
"ASV_63","Fungi","Ascomycota","Dothideomycetes","Pleosporales","Unassigned","Unassigned","Unassigned",1764
"ASV_71","Fungi","Ascomycota","Sordariomycetes","Unassigned","Unassigned","Unassigned","Unassigned",1169
"ASV_80","Fungi","Ascomycota","Dothideomycetes","Pleosporales","Phaeosphaeriaceae","Unassigned","Unassigned",1550
"ASV_67","Fungi","Ascomycota","Sordariomycetes","Microascales","Halosphaeriaceae","Unassigned","Unassigned",125
"ASV_60","Fungi","Unassigned","Unassigned","Unassigned","Unassigned","Unassigned","Unassigned",2847
"ASV_324","Fungi","Ascomycota","Sordariomycetes","Unassigned","Unassigned","Unassigned","Unassigned",62
"ASV_70","Fungi","Ascomycota","Eurotiomycetes","Eurotiales","Aspergillaceae","Aspergillus","Unassigned",1083
"ASV_88","Fungi","Unassigned","Unassigned","Unassigned","Unassigned","Unassigned","Unassigned",755
"ASV_64","Fungi","Unassigned","Unassigned","Unassigned","Unassigned","Unassigned","Unassigned",2066
"ASV_78","Fungi","Unassigned","Unassigned","Unassigned","Unassigned","Unassigned","Unassigned",130
"ASV_82","Fungi","Unassigned","Unassigned","Unassigned","Unassigned","Unassigned","Unassigned",223
"ASV_156","Fungi","Unassigned","Unassigned","Unassigned","Unassigned","Unassigned","Unassigned",857
"ASV_107","Fungi","Unassigned","Unassigned","Unassigned","Unassigned","Unassigned","Unassigned",201
"ASV_86","Fungi","Unassigned","Unassigned","Unassigned","Unassigned","Unassigned","Unassigned",798
"ASV_106","Fungi","Ascomycota","Dothideomycetes","Pleosporales","Phaeosphaeriaceae","Unassigned","Unassigned",1081
"ASV_99","Fungi","Mortierellomycota","Mortierellomycetes","Mortierellales","Unassigned","Unassigned","Unassigned",148
"ASV_96","Fungi","Unassigned","Unassigned","Unassigned","Unassigned","Unassigned","Unassigned",80
"ASV_8315","Fungi","Ascomycota","Dothideomycetes","Capnodiales","Cladosporiaceae","Unassigned","Unassigned",1234
"ASV_159","Fungi","Unassigned","Unassigned","Unassigned","Unassigned","Unassigned","Unassigned",843
"ASV_145","Fungi","Unassigned","Unassigned","Unassigned","Unassigned","Unassigned","Unassigned",964
"ASV_101","Fungi","Unassigned","Unassigned","Unassigned","Unassigned","Unassigned","Unassigned",143
"ASV_121","Fungi","Unassigned","Unassigned","Unassigned","Unassigned","Unassigned","Unassigned",393
"ASV_166","Fungi","Mortierellomycota","Mortierellomycetes","Mortierellales","Mortierellaceae","Mortierella","Unassigned",562
"ASV_192","Fungi","Unassigned","Unassigned","Unassigned","Unassigned","Unassigned","Unassigned",493
"ASV_138","Fungi","Ascomycota","Dothideomycetes","Pleosporales","Phaeosphaeriaceae","Unassigned","Unassigned",1029
"ASV_6053","Fungi","Ascomycota","Sordariomycetes","Hypocreales","Hypocreales_fam_Incertae_sedis","Unassigned","Unassigned",960
"ASV_144","Fungi","Ascomycota","Eurotiomycetes","Eurotiales","Aspergillaceae","Penicillium","Unassigned",91
"ASV_95","Fungi","Unassigned","Unassigned","Unassigned","Unassigned","Unassigned","Unassigned",31
"ASV_1976","Fungi","Ascomycota","Dothideomycetes","Pleosporales","Cucurbitariaceae","Pyrenochaeta","Pyrenochaeta_lycopersici_SH1552167.08FU",139
"ASV_104","Fungi","Ascomycota","Sordariomycetes","Sordariales","Sordariaceae","Unassigned","Unassigned",648
"ASV_115","Fungi","Ascomycota","Sordariomycetes","Hypocreales","Hypocreales_fam_Incertae_sedis","Acremonium","Acremonium_dichromosporum_SH1773219.08FU",151
"ASV_176","Fungi","Ascomycota","Sordariomycetes","Hypocreales","Hypocreaceae","Trichoderma","Trichoderma_lixii_SH1568386.08FU",835
"ASV_152","Fungi","Basidiomycota","Tremellomycetes","Tremellales","Bulleribasidiaceae","Vishniacozyma","Vishniacozyma_carnescens_SH1528208.08FU",827
"ASV_105","Fungi","Ascomycota","Dothideomycetes","Pleosporales","Phaeosphaeriaceae","Unassigned","Unassigned",822
"ASV_120","Fungi","Ascomycota","Sordariomycetes","Sordariales","Lasiosphaeriaceae","Unassigned","Unassigned",38
"ASV_119","Fungi","Ascomycota","Unassigned","Unassigned","Unassigned","Unassigned","Unassigned",36
"ASV_113","Fungi","Ascomycota","Sordariomycetes","Hypocreales","Nectriaceae","Fusicolla","Fusicolla_acetilerea_SH1546412.08FU",39
"ASV_111","Fungi","Unassigned","Unassigned","Unassigned","Unassigned","Unassigned","Unassigned",1192
"ASV_124","Fungi","Ascomycota","Unassigned","Unassigned","Unassigned","Unassigned","Unassigned",529
"ASV_213","Fungi","Ascomycota","Dothideomycetes","Capnodiales","Mycosphaerellaceae","Sphaerulina","Unassigned",625
"ASV_1240","Fungi","Unassigned","Unassigned","Unassigned","Unassigned","Unassigned","Unassigned",727
"ASV_201","Fungi","Ascomycota","Eurotiomycetes","Eurotiales","Aspergillaceae","Aspergillus","Aspergillus_fumigatus_SH1529985.08FU",478
"ASV_2399","Fungi","Mortierellomycota","Mortierellomycetes","Mortierellales","Mortierellaceae","Mortierella","Unassigned",763
"ASV_154","Fungi","Unassigned","Unassigned","Unassigned","Unassigned","Unassigned","Unassigned",502
"ASV_131","Fungi","Ascomycota","Sordariomycetes","Hypocreales","Unassigned","Unassigned","Unassigned",540
"ASV_178","Fungi","Unassigned","Unassigned","Unassigned","Unassigned","Unassigned","Unassigned",549
"ASV_217","Fungi","Unassigned","Unassigned","Unassigned","Unassigned","Unassigned","Unassigned",20
"ASV_163","Fungi","Ascomycota","Sordariomycetes","Sordariales","Chaetomiaceae","Humicola","Humicola_grisea_SH2475985.08FU",116
"ASV_136","Fungi","Basidiomycota","Tremellomycetes","Unassigned","Unassigned","Unassigned","Unassigned",552
"ASV_133","Fungi","Unassigned","Unassigned","Unassigned","Unassigned","Unassigned","Unassigned",725
"ASV_168","Fungi","Ascomycota","Dothideomycetes","Dothideomycetes_ord_Incertae_sedis","Eremomycetaceae","Arthrographis","Arthrographis_curvata_SH1562603.08FU",552
"ASV_3493","Fungi","Ascomycota","Dothideomycetes","Capnodiales","Cladosporiaceae","Cladosporium","Unassigned",797
"ASV_129","Fungi","Ascomycota","Leotiomycetes","Thelebolales","Thelebolaceae","Unassigned","Unassigned",934
"ASV_132","Fungi","Unassigned","Unassigned","Unassigned","Unassigned","Unassigned","Unassigned",40
"ASV_185","Fungi","Ascomycota","Unassigned","Unassigned","Unassigned","Unassigned","Unassigned",400
"ASV_130","Fungi","Ascomycota","Dothideomycetes","Pleosporales","Phaeosphaeriaceae","Unassigned","Unassigned",701
"ASV_148","Fungi","Mortierellomycota","Mortierellomycetes","Mortierellales","Unassigned","Unassigned","Unassigned",434
"ASV_143","Fungi","Ascomycota","Sordariomycetes","Hypocreales","Unassigned","Unassigned","Unassigned",569
"ASV_149","Fungi","Ascomycota","Eurotiomycetes","Eurotiales","Aspergillaceae","Aspergillus","Unassigned",488
"ASV_162","Fungi","Ascomycota","Eurotiomycetes","Eurotiales","Aspergillaceae","Aspergillus","Aspergillus_japonicus_SH1609287.08FU",445
"ASV_257","Fungi","Unassigned","Unassigned","Unassigned","Unassigned","Unassigned","Unassigned",917
"ASV_243","Fungi","Ascomycota","Sordariomycetes","Hypocreales","Unassigned","Unassigned","Unassigned",245
"ASV_515","Fungi","Ascomycota","Sordariomycetes","Microascales","Unassigned","Unassigned","Unassigned",675
"ASV_330","Fungi","Ascomycota","Sordariomycetes","Unassigned","Unassigned","Unassigned","Unassigned",662
"ASV_203","Fungi","Basidiomycota","Tremellomycetes","Unassigned","Unassigned","Unassigned","Unassigned",456
"ASV_170","Fungi","Unassigned","Unassigned","Unassigned","Unassigned","Unassigned","Unassigned",689
"ASV_234","Fungi","Ascomycota","Sordariomycetes","Sordariales","Sordariaceae","Unassigned","Unassigned",184
"ASV_174","Fungi","Ascomycota","Eurotiomycetes","Onygenales","Onygenales_fam_Incertae_sedis","Arthropsis","Arthropsis_hispanica_SH1562356.08FU",294
"ASV_175","Fungi","Unassigned","Unassigned","Unassigned","Unassigned","Unassigned","Unassigned",550
"ASV_218","Fungi","Unassigned","Unassigned","Unassigned","Unassigned","Unassigned","Unassigned",472
"ASV_204","Fungi","Unassigned","Unassigned","Unassigned","Unassigned","Unassigned","Unassigned",386
"ASV_173","Fungi","Ascomycota","Dothideomycetes","Pleosporales","Phaeosphaeriaceae","Unassigned","Unassigned",527
"ASV_445","Fungi","Ascomycota","Sordariomycetes","Hypocreales","Cordycipitaceae","Beauveria","Beauveria_sungii_SH1524433.08FU",537
"ASV_381","Fungi","Ascomycota","Sordariomycetes","Sordariales","Chaetomiaceae","Unassigned","Unassigned",363
"ASV_187","Fungi","Mortierellomycota","Mortierellomycetes","Mortierellales","Mortierellaceae","Mortierella","Unassigned",288
"ASV_609","Fungi","Ascomycota","Sordariomycetes","Hypocreales","Hypocreales_fam_Incertae_sedis","Unassigned","Unassigned",329
"ASV_9481","Fungi","Unassigned","Unassigned","Unassigned","Unassigned","Unassigned","Unassigned",579
"ASV_179","Fungi","Unassigned","Unassigned","Unassigned","Unassigned","Unassigned","Unassigned",22
"ASV_225","Fungi","Ascomycota","Dothideomycetes","Pleosporales","Unassigned","Unassigned","Unassigned",398
"ASV_1710","Fungi","Ascomycota","Unassigned","Unassigned","Unassigned","Unassigned","Unassigned",520
"ASV_571","Fungi","Ascomycota","Pezizomycetes","Pezizales","Pyronemataceae","Unassigned","Unassigned",36
"ASV_2011","Fungi","Ascomycota","Eurotiomycetes","Onygenales","Onygenaceae","Uncinocarpus","Uncinocarpus_reesii_SH1540410.08FU",553
"ASV_551","Fungi","Ascomycota","Sordariomycetes","Togniniales","Togniniaceae","Phaeoacremonium","Unassigned",241
"ASV_275","Fungi","Ascomycota","Sordariomycetes","Sordariales","Chaetomiaceae","Unassigned","Unassigned",22
"ASV_193","Fungi","Mortierellomycota","Mortierellomycetes","Mortierellales","Mortierellaceae","Mortierella","Unassigned",476
"ASV_215","Fungi","Ascomycota","Sordariomycetes","Hypocreales","Hypocreaceae","Trichoderma","Trichoderma_virens_SH1187918.08FU",45
"ASV_190","Fungi","Ascomycota","Dothideomycetes","Pleosporales","Phaeosphaeriaceae","Unassigned","Unassigned",582
"ASV_245","Fungi","Ascomycota","Dothideomycetes","Pleosporales","Pleosporaceae","Stemphylium","Stemphylium_vesicarium_SH2595383.08FU",65
"ASV_212","Fungi","Ascomycota","Pezizomycetes","Pezizales","Unassigned","Unassigned","Unassigned",405
"ASV_721","Fungi","Ascomycota","Dothideomycetes","Pleosporales","Cucurbitariaceae","Pyrenochaeta","Pyrenochaeta_lycopersici_SH1552167.08FU",110
"ASV_210","Fungi","Unassigned","Unassigned","Unassigned","Unassigned","Unassigned","Unassigned",637
"ASV_1090","Fungi","Ascomycota","Sordariomycetes","Glomerellales","Plectosphaerellaceae","Lectera","Lectera_capsici_SH1644396.08FU",436
"ASV_227","Fungi","Unassigned","Unassigned","Unassigned","Unassigned","Unassigned","Unassigned",339
"ASV_896","Fungi","Ascomycota","Sordariomycetes","Glomerellales","Plectosphaerellaceae","Lectera","Lectera_capsici_SH1644396.08FU",250
"ASV_202","Fungi","Ascomycota","Dothideomycetes","Pleosporales","Phaeosphaeriaceae","Unassigned","Unassigned",563
"ASV_280","Fungi","Ascomycota","Pezizomycetes","Pezizales","Pyronemataceae","Unassigned","Unassigned",25
"ASV_371","Fungi","Ascomycota","Eurotiomycetes","Onygenales","Gymnoascaceae","Arachniotus","Arachniotus_dankaliensis_SH1538794.08FU",152
"ASV_352","Fungi","Unassigned","Unassigned","Unassigned","Unassigned","Unassigned","Unassigned",190
"ASV_207","Fungi","Ascomycota","Leotiomycetes","Thelebolales","Thelebolaceae","Unassigned","Unassigned",434
"ASV_743","Fungi","Unassigned","Unassigned","Unassigned","Unassigned","Unassigned","Unassigned",399
"ASV_1134","Fungi","Ascomycota","Sordariomycetes","Sordariales","Chaetomiaceae","Mycothermus","Mycothermus_thermophilus_SH1615605.08FU",108
"ASV_263","Fungi","Ascomycota","Dothideomycetes","Capnodiales","Cladosporiaceae","Cladosporium","Unassigned",530
"ASV_223","Fungi","Ascomycota","Dothideomycetes","Pleosporales","Phaeosphaeriaceae","Unassigned","Unassigned",360
"ASV_807","Fungi","Basidiomycota","Tremellomycetes","Cystofilobasidiales","Cystofilobasidiaceae","Unassigned","Unassigned",213
"ASV_279","Fungi","Unassigned","Unassigned","Unassigned","Unassigned","Unassigned","Unassigned",272
"ASV_219","Fungi","Mortierellomycota","Mortierellomycetes","Mortierellales","Mortierellaceae","Mortierella","Unassigned",530
"ASV_239","Fungi","Unassigned","Unassigned","Unassigned","Unassigned","Unassigned","Unassigned",23
"ASV_256","Fungi","Unassigned","Unassigned","Unassigned","Unassigned","Unassigned","Unassigned",274
"ASV_419","Fungi","Ascomycota","Dothideomycetes","Pleosporales","Pleosporaceae","Curvularia","Unassigned",123
"ASV_1809","Fungi","Ascomycota","Sordariomycetes","Unassigned","Unassigned","Unassigned","Unassigned",351
"ASV_494","Fungi","Unassigned","Unassigned","Unassigned","Unassigned","Unassigned","Unassigned",186
"ASV_363","Fungi","Unassigned","Unassigned","Unassigned","Unassigned","Unassigned","Unassigned",205
"ASV_233","Fungi","Ascomycota","Dothideomycetes","Pleosporales","Phaeosphaeriaceae","Unassigned","Unassigned",315
"ASV_270","Fungi","Ascomycota","Sordariomycetes","Sordariales","Unassigned","Unassigned","Unassigned",46
"ASV_326","Fungi","Unassigned","Unassigned","Unassigned","Unassigned","Unassigned","Unassigned",324
"ASV_470","Fungi","Basidiomycota","Tremellomycetes","Unassigned","Unassigned","Unassigned","Unassigned",415
"ASV_453","Fungi","Unassigned","Unassigned","Unassigned","Unassigned","Unassigned","Unassigned",263
"ASV_1691","Fungi","Mortierellomycota","Mortierellomycetes","Mortierellales","Mortierellaceae","Mortierella","Unassigned",410
"ASV_981","Fungi","Mortierellomycota","Mortierellomycetes","Mortierellales","Mortierellaceae","Mortierella","Unassigned",361
"ASV_966","Fungi","Ascomycota","Sordariomycetes","Microascales","Unassigned","Unassigned","Unassigned",367
"ASV_360","Fungi","Unassigned","Unassigned","Unassigned","Unassigned","Unassigned","Unassigned",296
"ASV_7258","Fungi","Ascomycota","Pezizomycetes","Pezizales","Pyronemataceae","Unassigned","Unassigned",317
"ASV_887","Fungi","Ascomycota","Sordariomycetes","Microascales","Microascaceae","Kernia","Unassigned",297
"ASV_249","Fungi","Ascomycota","Sordariomycetes","Unassigned","Unassigned","Unassigned","Unassigned",327
"ASV_252","Fungi","Ascomycota","Dothideomycetes","Pleosporales","Phaeosphaeriaceae","Unassigned","Unassigned",401
"ASV_261","Fungi","Mortierellomycota","Mortierellomycetes","Mortierellales","Mortierellaceae","Mortierella","Unassigned",50
"ASV_333","Fungi","Unassigned","Unassigned","Unassigned","Unassigned","Unassigned","Unassigned",92
"ASV_375","Fungi","Unassigned","Unassigned","Unassigned","Unassigned","Unassigned","Unassigned",110
"ASV_266","Fungi","Ascomycota","Leotiomycetes","Thelebolales","Thelebolaceae","Unassigned","Unassigned",338
"ASV_274","Fungi","Unassigned","Unassigned","Unassigned","Unassigned","Unassigned","Unassigned",27
"ASV_558","Fungi","Unassigned","Unassigned","Unassigned","Unassigned","Unassigned","Unassigned",120
"ASV_272","Fungi","Unassigned","Unassigned","Unassigned","Unassigned","Unassigned","Unassigned",20
"ASV_295","Fungi","Ascomycota","Sordariomycetes","Unassigned","Unassigned","Unassigned","Unassigned",269
"ASV_5313","Fungi","Unassigned","Unassigned","Unassigned","Unassigned","Unassigned","Unassigned",75
"ASV_4258","Fungi","Unassigned","Unassigned","Unassigned","Unassigned","Unassigned","Unassigned",243
"ASV_300","Fungi","Unassigned","Unassigned","Unassigned","Unassigned","Unassigned","Unassigned",259
"ASV_584","Fungi","Unassigned","Unassigned","Unassigned","Unassigned","Unassigned","Unassigned",194
"ASV_444","Fungi","Unassigned","Unassigned","Unassigned","Unassigned","Unassigned","Unassigned",244
"ASV_288","Fungi","Unassigned","Unassigned","Unassigned","Unassigned","Unassigned","Unassigned",266
"ASV_565","Fungi","Ascomycota","Eurotiomycetes","Eurotiales","Trichocomaceae","Thermomyces","Unassigned",116
"ASV_402","Fungi","Unassigned","Unassigned","Unassigned","Unassigned","Unassigned","Unassigned",100
"ASV_356","Fungi","Ascomycota","Sordariomycetes","Hypocreales","Hypocreaceae","Trichoderma","Trichoderma_turrialbense_SH1567969.08FU",52
"ASV_358","Fungi","Unassigned","Unassigned","Unassigned","Unassigned","Unassigned","Unassigned",49
"ASV_365","Fungi","Ascomycota","Eurotiomycetes","Chaetothyriales","Herpotrichiellaceae","Unassigned","Unassigned",55
"ASV_529","Fungi","Unassigned","Unassigned","Unassigned","Unassigned","Unassigned","Unassigned",184
"ASV_2018","Fungi","Ascomycota","Unassigned","Unassigned","Unassigned","Unassigned","Unassigned",95
"ASV_395","Fungi","Ascomycota","Sordariomycetes","Sordariales","Sordariales_fam_Incertae_sedis","Staphylotrichum","Staphylotrichum_coccosporum_SH1615647.08FU",19
"ASV_4007","Fungi","Ascomycota","Unassigned","Unassigned","Unassigned","Unassigned","Unassigned",242
"ASV_373","Fungi","Ascomycota","Unassigned","Unassigned","Unassigned","Unassigned","Unassigned",47
"ASV_345","Fungi","Ascomycota","Dothideomycetes","Pleosporales","Unassigned","Unassigned","Unassigned",87
"ASV_354","Fungi","Ascomycota","Sordariomycetes","Sordariales","Lasiosphaeriaceae","Podospora","Unassigned",35
"ASV_547","Fungi","Unassigned","Unassigned","Unassigned","Unassigned","Unassigned","Unassigned",314
"ASV_574","Fungi","Ascomycota","Sordariomycetes","Hypocreales","Unassigned","Unassigned","Unassigned",66
"ASV_628","Fungi","Ascomycota","Sordariomycetes","Hypocreales","Unassigned","Unassigned","Unassigned",183
"ASV_675","Fungi","Unassigned","Unassigned","Unassigned","Unassigned","Unassigned","Unassigned",90
"ASV_346","Fungi","Ascomycota","Sordariomycetes","Xylariales","Unassigned","Unassigned","Unassigned",23
"ASV_325","Fungi","Ascomycota","Sordariomycetes","Glomerellales","Plectosphaerellaceae","Verticillium","Verticillium_longisporum_SH1881327.08FU",325
"ASV_316","Fungi","Unassigned","Unassigned","Unassigned","Unassigned","Unassigned","Unassigned",239
"ASV_456","Fungi","Ascomycota","Sordariomycetes","Sordariales","Lasiosphaeriaceae","Cladorrhinum","Cladorrhinum_bulbillosum_SH1551592.08FU",120
"ASV_390","Fungi","Ascomycota","Sordariomycetes","Hypocreales","Unassigned","Unassigned","Unassigned",26
"ASV_710","Fungi","Unassigned","Unassigned","Unassigned","Unassigned","Unassigned","Unassigned",200
"ASV_387","Fungi","Ascomycota","Sordariomycetes","Glomerellales","Glomerellaceae","Colletotrichum","Colletotrichum_destructivum_SH2219021.08FU",233
"ASV_417","Fungi","Ascomycota","Dothideomycetes","Pleosporales","Unassigned","Unassigned","Unassigned",52
"ASV_9355","Fungi","Unassigned","Unassigned","Unassigned","Unassigned","Unassigned","Unassigned",186
"ASV_431","Fungi","Basidiomycota","Tremellomycetes","Trichosporonales","Trichosporonaceae","Trichosporon","Trichosporon_asahii_SH1616891.08FU",100
"ASV_376","Fungi","Unassigned","Unassigned","Unassigned","Unassigned","Unassigned","Unassigned",310
"ASV_337","Fungi","Unassigned","Unassigned","Unassigned","Unassigned","Unassigned","Unassigned",281
"ASV_623","Fungi","Unassigned","Unassigned","Unassigned","Unassigned","Unassigned","Unassigned",122
"ASV_1718","Fungi","Mortierellomycota","Mortierellomycetes","Mortierellales","Mortierellaceae","Mortierella","Unassigned",234
"ASV_617","Fungi","Ascomycota","Unassigned","Unassigned","Unassigned","Unassigned","Unassigned",80
"ASV_1031","Fungi","Ascomycota","Dothideomycetes","Pleosporales","Cucurbitariaceae","Pyrenochaeta","Pyrenochaeta_lycopersici_SH1552167.08FU",47
"ASV_369","Fungi","Unassigned","Unassigned","Unassigned","Unassigned","Unassigned","Unassigned",190
"ASV_622","Fungi","Ascomycota","Eurotiomycetes","Eurotiales","Aspergillaceae","Aspergillus","Unassigned",172
"ASV_474","Fungi","Ascomycota","Dothideomycetes","Pleosporales","Unassigned","Unassigned","Unassigned",181
"ASV_523","Fungi","Ascomycota","Dothideomycetes","Dothideomycetes_ord_Incertae_sedis","Eremomycetaceae","Arthrographis","Arthrographis_kalrae_SH1562602.08FU",118
"ASV_1542","Fungi","Basidiomycota","Unassigned","Unassigned","Unassigned","Unassigned","Unassigned",46
"ASV_391","Fungi","Ascomycota","Dothideomycetes","Pleosporales","Unassigned","Unassigned","Unassigned",196
"ASV_411","Fungi","Ascomycota","Dothideomycetes","Pleosporales","Sporormiaceae","Unassigned","Unassigned",23
"ASV_424","Fungi","Ascomycota","Sordariomycetes","Unassigned","Unassigned","Unassigned","Unassigned",22
"ASV_575","Fungi","Unassigned","Unassigned","Unassigned","Unassigned","Unassigned","Unassigned",183
"ASV_377","Fungi","Ascomycota","Sordariomycetes","Unassigned","Unassigned","Unassigned","Unassigned",185
"ASV_399","Fungi","Unassigned","Unassigned","Unassigned","Unassigned","Unassigned","Unassigned",199
"ASV_499","Fungi","Blastocladiomycota","Unassigned","Unassigned","Unassigned","Unassigned","Unassigned",100
"ASV_409","Fungi","Ascomycota","Sordariomycetes","Microascales","Microascaceae","Unassigned","Unassigned",196
"ASV_384","Fungi","Ascomycota","Pezizomycetes","Pezizales","Pyronemataceae","Unassigned","Unassigned",289
"ASV_503","Fungi","Unassigned","Unassigned","Unassigned","Unassigned","Unassigned","Unassigned",108
"ASV_413","Fungi","Ascomycota","Sordariomycetes","Sordariales","Lasiosphaeriaceae","Unassigned","Unassigned",20
"ASV_619","Fungi","Ascomycota","Sordariomycetes","Sordariales","Sordariaceae","Sordaria","Sordaria_fimicola_SH1876744.08FU",18
"ASV_459","Fungi","Ascomycota","Sordariomycetes","Hypocreales","Cordycipitaceae","Beauveria","Unassigned",155
"ASV_508","Fungi","Ascomycota","Eurotiomycetes","Eurotiales","Aspergillaceae","Aspergillus","Unassigned",115
"ASV_642","Fungi","Ascomycota","Sordariomycetes","Hypocreales","Stachybotryaceae","Myrothecium","Unassigned",138
"ASV_1165","Fungi","Ascomycota","Unassigned","Unassigned","Unassigned","Unassigned","Unassigned",158
"ASV_396","Fungi","Ascomycota","Leotiomycetes","Thelebolales","Thelebolaceae","Unassigned","Unassigned",212
"ASV_1159","Fungi","Ascomycota","Unassigned","Unassigned","Unassigned","Unassigned","Unassigned",238
"ASV_482","Fungi","Basidiomycota","Ustilaginomycetes","Ustilaginales","Ustilaginaceae","Moesziomyces","Moesziomyces_antarcticus_SH1509410.08FU",56
"ASV_432","Fungi","Ascomycota","Eurotiomycetes","Eurotiales","Aspergillaceae","Aspergillus","Unassigned",142
"ASV_435","Fungi","Unassigned","Unassigned","Unassigned","Unassigned","Unassigned","Unassigned",27
"ASV_567","Fungi","Ascomycota","Dothideomycetes","Pleosporales","Pleosporaceae","Curvularia","Curvularia_senegalensis_SH2596508.08FU",59
"ASV_449","Fungi","Basidiomycota","Agaricomycetes","Cantharellales","Ceratobasidiaceae","Rhizoctonia","Unassigned",161
"ASV_1017","Fungi","Unassigned","Unassigned","Unassigned","Unassigned","Unassigned","Unassigned",46
"ASV_407","Fungi","Unassigned","Unassigned","Unassigned","Unassigned","Unassigned","Unassigned",267
"ASV_658","Fungi","Unassigned","Unassigned","Unassigned","Unassigned","Unassigned","Unassigned",74
"ASV_429","Fungi","Ascomycota","Unassigned","Unassigned","Unassigned","Unassigned","Unassigned",187
"ASV_625","Fungi","Unassigned","Unassigned","Unassigned","Unassigned","Unassigned","Unassigned",107
"ASV_603","Fungi","Ascomycota","Sordariomycetes","Hypocreales","Nectriaceae","Unassigned","Unassigned",110
"ASV_2196","Fungi","Unassigned","Unassigned","Unassigned","Unassigned","Unassigned","Unassigned",130
"ASV_7218","Fungi","Ascomycota","Pezizomycetes","Pezizales","Pyronemataceae","Unassigned","Unassigned",149
"ASV_451","Fungi","Basidiomycota","Microbotryomycetes","Sporidiobolales","Sporidiobolaceae","Sporobolomyces","Sporobolomyces_roseus_SH1575126.08FU",128
"ASV_433","Fungi","Ascomycota","Leotiomycetes","Thelebolales","Thelebolaceae","Unassigned","Unassigned",153
"ASV_441","Fungi","Ascomycota","Dothideomycetes","Pleosporales","Phaeosphaeriaceae","Unassigned","Unassigned",152
"ASV_464","Fungi","Unassigned","Unassigned","Unassigned","Unassigned","Unassigned","Unassigned",17
"ASV_485","Fungi","Mortierellomycota","Mortierellomycetes","Mortierellales","Mortierellaceae","Mortierella","Unassigned",245
"ASV_1277","Fungi","Ascomycota","Sordariomycetes","Microascales","Microascaceae","Microascus","Microascus_brevicaulis_SH1650169.08FU",119
"ASV_550","Fungi","Unassigned","Unassigned","Unassigned","Unassigned","Unassigned","Unassigned",119
"ASV_462","Fungi","Ascomycota","Leotiomycetes","Unassigned","Unassigned","Unassigned","Unassigned",163
"ASV_783","Fungi","Unassigned","Unassigned","Unassigned","Unassigned","Unassigned","Unassigned",53
"ASV_1352","Fungi","Ascomycota","Dothideomycetes","Unassigned","Unassigned","Unassigned","Unassigned",131
"ASV_2589","Fungi","Ascomycota","Dothideomycetes","Pleosporales","Unassigned","Unassigned","Unassigned",19
"ASV_1594","Fungi","Unassigned","Unassigned","Unassigned","Unassigned","Unassigned","Unassigned",152
"ASV_674","Fungi","Ascomycota","Sordariomycetes","Hypocreales","Stachybotryaceae","Myrothecium","Myrothecium_roridum_SH1183129.08FU",27
"ASV_657","Fungi","Ascomycota","Sordariomycetes","Hypocreales","Hypocreales_fam_Incertae_sedis","Acremonium","Acremonium_acutatum_SH1560633.08FU",97
"ASV_461","Fungi","Mortierellomycota","Mortierellomycetes","Mortierellales","Mortierellaceae","Mortierella","Unassigned",173
"ASV_546","Fungi","Unassigned","Unassigned","Unassigned","Unassigned","Unassigned","Unassigned",127
"ASV_3672","Fungi","Unassigned","Unassigned","Unassigned","Unassigned","Unassigned","Unassigned",136
"ASV_5295","Fungi","Ascomycota","Unassigned","Unassigned","Unassigned","Unassigned","Unassigned",71
"ASV_516","Fungi","Ascomycota","Eurotiomycetes","Eurotiales","Aspergillaceae","Aspergillus","Unassigned",125
"ASV_488","Fungi","Unassigned","Unassigned","Unassigned","Unassigned","Unassigned","Unassigned",115
"ASV_1102","Fungi","Ascomycota","Sordariomycetes","Sordariales","Lasiosphaeriaceae","Cladorrhinum","Cladorrhinum_bulbillosum_SH1551592.08FU",100
"ASV_611","Fungi","Unassigned","Unassigned","Unassigned","Unassigned","Unassigned","Unassigned",32
"ASV_536","Fungi","Unassigned","Unassigned","Unassigned","Unassigned","Unassigned","Unassigned",17
"ASV_534","Fungi","Unassigned","Unassigned","Unassigned","Unassigned","Unassigned","Unassigned",150
"ASV_777","Fungi","Ascomycota","Pezizomycetes","Pezizales","Pyronemataceae","Unassigned","Unassigned",74
"ASV_557","Fungi","Unassigned","Unassigned","Unassigned","Unassigned","Unassigned","Unassigned",26
"ASV_3360","Fungi","Ascomycota","Pezizomycetes","Pezizales","Pyronemataceae","Unassigned","Unassigned",164
"ASV_631","Fungi","Ascomycota","Eurotiomycetes","Eurotiales","Aspergillaceae","Aspergillus","Unassigned",112
"ASV_2150","Fungi","Unassigned","Unassigned","Unassigned","Unassigned","Unassigned","Unassigned",163
"ASV_581","Fungi","Basidiomycota","Tremellomycetes","Tremellales","Tremellaceae","Bulleromyces","Bulleromyces_albus_SH1574527.08FU",96
"ASV_1849","Fungi","Unassigned","Unassigned","Unassigned","Unassigned","Unassigned","Unassigned",118
"ASV_4851","Fungi","Ascomycota","Sordariomycetes","Sordariales","Unassigned","Unassigned","Unassigned",95
"ASV_988","Fungi","Ascomycota","Eurotiomycetes","Chaetothyriales","Herpotrichiellaceae","Unassigned","Unassigned",45
"ASV_1093","Fungi","Ascomycota","Sordariomycetes","Sordariales","Chaetomiaceae","Myceliophthora","Unassigned",56
"ASV_522","Fungi","Unassigned","Unassigned","Unassigned","Unassigned","Unassigned","Unassigned",108
"ASV_561","Fungi","Unassigned","Unassigned","Unassigned","Unassigned","Unassigned","Unassigned",151
"ASV_640","Fungi","Unassigned","Unassigned","Unassigned","Unassigned","Unassigned","Unassigned",39
"ASV_549","Fungi","Unassigned","Unassigned","Unassigned","Unassigned","Unassigned","Unassigned",145
"ASV_732","Fungi","Ascomycota","Pezizomycetes","Pezizales","Pyronemataceae","Unassigned","Unassigned",49
"ASV_629","Fungi","Ascomycota","Unassigned","Unassigned","Unassigned","Unassigned","Unassigned",152
"ASV_889","Fungi","Unassigned","Unassigned","Unassigned","Unassigned","Unassigned","Unassigned",46
"ASV_553","Fungi","Ascomycota","Unassigned","Unassigned","Unassigned","Unassigned","Unassigned",172
"ASV_624","Fungi","Unassigned","Unassigned","Unassigned","Unassigned","Unassigned","Unassigned",60
"ASV_653","Fungi","Aphelidiomycota","Aphelidiomycetes","GS16","Unassigned","Unassigned","Unassigned",73
"ASV_787","Fungi","Ascomycota","Sordariomycetes","Togniniales","Togniniaceae","Phaeoacremonium","Unassigned",113
"ASV_863","Fungi","Ascomycota","Eurotiomycetes","Unassigned","Unassigned","Unassigned","Unassigned",80
"ASV_655","Fungi","Ascomycota","Eurotiomycetes","Onygenales","Unassigned","Unassigned","Unassigned",74
"ASV_646","Fungi","Basidiomycota","Agaricomycetes","Cantharellales","Ceratobasidiaceae","Unassigned","Unassigned",126
"ASV_839","Fungi","Ascomycota","Sordariomycetes","Sordariales","Unassigned","Unassigned","Unassigned",17
"ASV_969","Fungi","Ascomycota","Sordariomycetes","Glomerellales","Plectosphaerellaceae","Unassigned","Unassigned",78
"ASV_2378","Fungi","Zoopagomycota","Unassigned","Unassigned","Unassigned","Unassigned","Unassigned",42
"ASV_1336","Fungi","Unassigned","Unassigned","Unassigned","Unassigned","Unassigned","Unassigned",90
"ASV_1673","Fungi","Unassigned","Unassigned","Unassigned","Unassigned","Unassigned","Unassigned",93
"ASV_1053","Fungi","Ascomycota","Sordariomycetes","Togniniales","Togniniaceae","Phaeoacremonium","Unassigned",110
"ASV_639","Fungi","Basidiomycota","Tremellomycetes","Unassigned","Unassigned","Unassigned","Unassigned",22
"ASV_605","Fungi","Unassigned","Unassigned","Unassigned","Unassigned","Unassigned","Unassigned",88
"ASV_931","Fungi","Unassigned","Unassigned","Unassigned","Unassigned","Unassigned","Unassigned",34
"ASV_1301","Fungi","Ascomycota","Sordariomycetes","Hypocreales","Nectriaceae","Bisifusarium","Unassigned",103
"ASV_1107","Fungi","Ascomycota","Eurotiomycetes","Onygenales","Gymnoascaceae","Arachniotus","Arachniotus_dankaliensis_SH1538794.08FU",23
"ASV_594","Fungi","Unassigned","Unassigned","Unassigned","Unassigned","Unassigned","Unassigned",140
"ASV_1525","Fungi","Unassigned","Unassigned","Unassigned","Unassigned","Unassigned","Unassigned",85
"ASV_683","Fungi","Unassigned","Unassigned","Unassigned","Unassigned","Unassigned","Unassigned",107
"ASV_1829","Fungi","Ascomycota","Sordariomycetes","Unassigned","Unassigned","Unassigned","Unassigned",81
"ASV_616","Fungi","Unassigned","Unassigned","Unassigned","Unassigned","Unassigned","Unassigned",133
"ASV_1272","Fungi","Basidiomycota","Unassigned","Unassigned","Unassigned","Unassigned","Unassigned",83
"ASV_686","Fungi","Unassigned","Unassigned","Unassigned","Unassigned","Unassigned","Unassigned",25
"ASV_817","Fungi","Unassigned","Unassigned","Unassigned","Unassigned","Unassigned","Unassigned",17
"ASV_711","Fungi","Ascomycota","Leotiomycetes","Thelebolales","Thelebolaceae","Unassigned","Unassigned",85
"ASV_959","Fungi","Basidiomycota","Agaricomycetes","Agaricales","Stephanosporaceae","Myriococcum","Myriococcum_thermophilum_SH1615682.08FU",24
"ASV_2067","Fungi","Ascomycota","Dothideomycetes","Capnodiales","Cladosporiaceae","Cladosporium","Unassigned",71
"ASV_1168","Fungi","Unassigned","Unassigned","Unassigned","Unassigned","Unassigned","Unassigned",59
"ASV_880","Fungi","Mortierellomycota","Mortierellomycetes","Mortierellales","Mortierellaceae","Mortierella","Unassigned",103
"ASV_925","Fungi","Ascomycota","Sordariomycetes","Togniniales","Togniniaceae","Phaeoacremonium","Unassigned",136
"ASV_679","Fungi","Unassigned","Unassigned","Unassigned","Unassigned","Unassigned","Unassigned",148
"ASV_2159","Fungi","Ascomycota","Sordariomycetes","Microascales","Microascaceae","Microascus","Microascus_brevicaulis_SH1650169.08FU",75
"ASV_866","Fungi","Unassigned","Unassigned","Unassigned","Unassigned","Unassigned","Unassigned",59
"ASV_726","Fungi","Basidiomycota","Agaricomycetes","Agaricales","Unassigned","Unassigned","Unassigned",124
"ASV_1588","Fungi","Unassigned","Unassigned","Unassigned","Unassigned","Unassigned","Unassigned",94
"ASV_713","Fungi","Ascomycota","Eurotiomycetes","Onygenales","Unassigned","Unassigned","Unassigned",50
"ASV_2162","Fungi","Unassigned","Unassigned","Unassigned","Unassigned","Unassigned","Unassigned",86
"ASV_1047","Fungi","Ascomycota","Sordariomycetes","Hypocreales","Nectriaceae","Unassigned","Unassigned",59
"ASV_841","Fungi","Ascomycota","Sordariomycetes","Sordariales","Chaetomiaceae","Humicola","Humicola_phialophoroides_SH1615667.08FU",21
"ASV_1020","Fungi","Unassigned","Unassigned","Unassigned","Unassigned","Unassigned","Unassigned",77
"ASV_643","Fungi","Ascomycota","Dothideomycetes","Capnodiales","Mycosphaerellaceae","Passalora","Unassigned",100
"ASV_695","Fungi","Ascomycota","Sordariomycetes","Hypocreales","Unassigned","Unassigned","Unassigned",73
"ASV_700","Fungi","Unassigned","Unassigned","Unassigned","Unassigned","Unassigned","Unassigned",63
"ASV_767","Fungi","Unassigned","Unassigned","Unassigned","Unassigned","Unassigned","Unassigned",81
"ASV_664","Fungi","Basidiomycota","Tremellomycetes","Tremellales","Bulleribasidiaceae","Vishniacozyma","Vishniacozyma_tephrensis_SH1690694.08FU",103
"ASV_7145","Fungi","Unassigned","Unassigned","Unassigned","Unassigned","Unassigned","Unassigned",123
"ASV_797","Fungi","Unassigned","Unassigned","Unassigned","Unassigned","Unassigned","Unassigned",75
"ASV_741","Fungi","Ascomycota","Sordariomycetes","Unassigned","Unassigned","Unassigned","Unassigned",32
"ASV_773","Fungi","Ascomycota","Dothideomycetes","Pleosporales","Corynesporascaceae","Corynespora","Corynespora_smithii_SH1591180.08FU",63
"ASV_4371","Fungi","Ascomycota","Sordariomycetes","Hypocreales","Unassigned","Unassigned","Unassigned",37
"ASV_2765","Fungi","Ascomycota","Sordariomycetes","Glomerellales","Plectosphaerellaceae","Unassigned","Unassigned",38
"ASV_769","Fungi","Ascomycota","Dothideomycetes","Unassigned","Unassigned","Unassigned","Unassigned",82
"ASV_800","Fungi","Unassigned","Unassigned","Unassigned","Unassigned","Unassigned","Unassigned",66
"ASV_973","Fungi","Ascomycota","Sordariomycetes","Glomerellales","Glomerellaceae","Colletotrichum","Colletotrichum_brevisporum_SH1543708.08FU",27
"ASV_951","Fungi","Mortierellomycota","Mortierellomycetes","Mortierellales","Mortierellaceae","Mortierella","Mortierella_oligospora_SH1552325.08FU",37
"ASV_728","Fungi","Unassigned","Unassigned","Unassigned","Unassigned","Unassigned","Unassigned",89
"ASV_831","Fungi","Unassigned","Unassigned","Unassigned","Unassigned","Unassigned","Unassigned",19
"ASV_859","Fungi","Unassigned","Unassigned","Unassigned","Unassigned","Unassigned","Unassigned",24
"ASV_772","Fungi","Unassigned","Unassigned","Unassigned","Unassigned","Unassigned","Unassigned",56
"ASV_1100","Fungi","Ascomycota","Pezizomycetes","Pezizales","Ascodesmidaceae","Ascodesmis","Unassigned",37
"ASV_1422","Fungi","Unassigned","Unassigned","Unassigned","Unassigned","Unassigned","Unassigned",17
"ASV_757","Fungi","Unassigned","Unassigned","Unassigned","Unassigned","Unassigned","Unassigned",72
"ASV_1376","Fungi","Mortierellomycota","Mortierellomycetes","Mortierellales","Unassigned","Unassigned","Unassigned",47
"ASV_840","Fungi","Basidiomycota","Tremellomycetes","Unassigned","Unassigned","Unassigned","Unassigned",79
"ASV_912","Fungi","Ascomycota","Sordariomycetes","Sordariales","Sordariales_fam_Incertae_sedis","Unassigned","Unassigned",42
"ASV_846","Fungi","Unassigned","Unassigned","Unassigned","Unassigned","Unassigned","Unassigned",75
"ASV_1213","Fungi","Unassigned","Unassigned","Unassigned","Unassigned","Unassigned","Unassigned",53
"ASV_751","Fungi","Unassigned","Unassigned","Unassigned","Unassigned","Unassigned","Unassigned",116
"ASV_844","Fungi","Unassigned","Unassigned","Unassigned","Unassigned","Unassigned","Unassigned",20
"ASV_1303","Fungi","Unassigned","Unassigned","Unassigned","Unassigned","Unassigned","Unassigned",45
"ASV_735","Fungi","Unassigned","Unassigned","Unassigned","Unassigned","Unassigned","Unassigned",85
"ASV_791","Fungi","Ascomycota","Unassigned","Unassigned","Unassigned","Unassigned","Unassigned",69
"ASV_6609","Fungi","Unassigned","Unassigned","Unassigned","Unassigned","Unassigned","Unassigned",45
"ASV_765","Fungi","Ascomycota","Sordariomycetes","Unassigned","Unassigned","Unassigned","Unassigned",45
"ASV_1298","Fungi","Ascomycota","Sordariomycetes","Togniniales","Togniniaceae","Phaeoacremonium","Unassigned",78
"ASV_8329","Fungi","Ascomycota","Sordariomycetes","Hypocreales","Hypocreales_fam_Incertae_sedis","Acremonium","Unassigned",93
"ASV_877","Fungi","Ascomycota","Sordariomycetes","Hypocreales","Hypocreales_fam_Incertae_sedis","Unassigned","Unassigned",65
"ASV_884","Fungi","Ascomycota","Sordariomycetes","Glomerellales","Glomerellaceae","Colletotrichum","Colletotrichum_destructivum_SH2219021.08FU",96
"ASV_1149","Fungi","Ascomycota","Sordariomycetes","Trichosphaeriales","Unassigned","Unassigned","Unassigned",31
"ASV_1494","Fungi","Ascomycota","Leotiomycetes","Thelebolales","Thelebolaceae","Unassigned","Unassigned",86
"ASV_792","Fungi","Ascomycota","Sordariomycetes","Sordariales","Chaetomiaceae","Zopfiella","Unassigned",90
"ASV_2565","Fungi","Ascomycota","Eurotiomycetes","Onygenales","Unassigned","Unassigned","Unassigned",42
"ASV_4703","Fungi","Unassigned","Unassigned","Unassigned","Unassigned","Unassigned","Unassigned",53
"ASV_873","Fungi","Ascomycota","Dothideomycetes","Pleosporales","Thyridariaceae","Roussoella","Roussoella_solani_SH1637047.08FU",48
"ASV_882","Fungi","Ascomycota","Sordariomycetes","Hypocreales","Unassigned","Unassigned","Unassigned",76
"ASV_922","Fungi","Basidiomycota","Unassigned","Unassigned","Unassigned","Unassigned","Unassigned",54
"ASV_932","Fungi","Mortierellomycota","Mortierellomycetes","Unassigned","Unassigned","Unassigned","Unassigned",60
"ASV_941","Fungi","Mortierellomycota","Mortierellomycetes","Mortierellales","Mortierellaceae","Unassigned","Unassigned",57
"ASV_936","Fungi","Ascomycota","Sordariomycetes","Hypocreales","Bionectriaceae","Unassigned","Unassigned",18
"ASV_972","Fungi","Unassigned","Unassigned","Unassigned","Unassigned","Unassigned","Unassigned",61
"ASV_939","Fungi","Unassigned","Unassigned","Unassigned","Unassigned","Unassigned","Unassigned",17
"ASV_837","Fungi","Unassigned","Unassigned","Unassigned","Unassigned","Unassigned","Unassigned",50
"ASV_848","Fungi","Ascomycota","Sordariomycetes","Hypocreales","Unassigned","Unassigned","Unassigned",55
"ASV_795","Fungi","Ascomycota","Unassigned","Unassigned","Unassigned","Unassigned","Unassigned",65
"ASV_5549","Fungi","Ascomycota","Sordariomycetes","Hypoceales","Catabotrydaceae","Unassigned","Unassigned",47
"ASV_876","Fungi","Ascomycota","Eurotiomycetes","Eurotiales","Aspergillaceae","Penicillium","Unassigned",72
"ASV_5341","Fungi","Unassigned","Unassigned","Unassigned","Unassigned","Unassigned","Unassigned",60
"ASV_967","Fungi","Ascomycota","Sordariomycetes","Glomerellales","Unassigned","Unassigned","Unassigned",61
"ASV_1311","Fungi","Unassigned","Unassigned","Unassigned","Unassigned","Unassigned","Unassigned",63
"ASV_805","Fungi","Unassigned","Unassigned","Unassigned","Unassigned","Unassigned","Unassigned",65
"ASV_865","Fungi","Ascomycota","Sordariomycetes","Glomerellales","Glomerellaceae","Colletotrichum","Colletotrichum_destructivum_SH2219021.08FU",60
"ASV_1491","Fungi","Ascomycota","Eurotiomycetes","Eurotiales","Aspergillaceae","Aspergillus","Unassigned",56
"ASV_905","Fungi","Unassigned","Unassigned","Unassigned","Unassigned","Unassigned","Unassigned",46
"ASV_1591","Fungi","Basidiomycota","Tremellomycetes","Tremellales","Rhynchogastremataceae","Papiliotrema","Unassigned",45
"ASV_2741","Fungi","Ascomycota","Sordariomycetes","Unassigned","Unassigned","Unassigned","Unassigned",53
"ASV_7558","Fungi","Unassigned","Unassigned","Unassigned","Unassigned","Unassigned","Unassigned",62
"ASV_1630","Fungi","Unassigned","Unassigned","Unassigned","Unassigned","Unassigned","Unassigned",75
"ASV_891","Fungi","Unassigned","Unassigned","Unassigned","Unassigned","Unassigned","Unassigned",59
"ASV_1088","Fungi","Unassigned","Unassigned","Unassigned","Unassigned","Unassigned","Unassigned",27
"ASV_833","Fungi","Ascomycota","Sordariomycetes","Unassigned","Unassigned","Unassigned","Unassigned",62
"ASV_1224","Fungi","Mortierellomycota","Mortierellomycetes","Mortierellales","Unassigned","Unassigned","Unassigned",37
"ASV_850","Fungi","Mortierellomycota","Mortierellomycetes","Mortierellales","Mortierellaceae","Mortierella","Unassigned",53
"ASV_868","Fungi","Ascomycota","Pezizomycetes","Pezizales","Pyronemataceae","Unassigned","Unassigned",33
"ASV_2799","Fungi","Ascomycota","Eurotiomycetes","Onygenales","Onygenales_fam_Incertae_sedis","Chrysosporium","Unassigned",19
"ASV_838","Fungi","Mortierellomycota","Unassigned","Unassigned","Unassigned","Unassigned","Unassigned",48
"ASV_1410","Fungi","Ascomycota","Dothideomycetes","Pleosporales","Sporormiaceae","Unassigned","Unassigned",26
"ASV_1250","Fungi","Ascomycota","Sordariomycetes","Sordariales","Chaetomiaceae","Zopfiella","Unassigned",24
"ASV_907","Fungi","Unassigned","Unassigned","Unassigned","Unassigned","Unassigned","Unassigned",58
"ASV_914","Fungi","Olpidiomycota","Olpidiomycetes","Olpidiales","Olpidiaceae","Olpidium","Olpidium_brassicae_SH1528282.08FU",34
"ASV_2757","Fungi","Basidiomycota","Tremellomycetes","Cystofilobasidiales","Mrakiaceae","Mrakia","Unassigned",57
"ASV_855","Fungi","Unassigned","Unassigned","Unassigned","Unassigned","Unassigned","Unassigned",80
"ASV_1521","Fungi","Unassigned","Unassigned","Unassigned","Unassigned","Unassigned","Unassigned",32
"ASV_1688","Fungi","Unassigned","Unassigned","Unassigned","Unassigned","Unassigned","Unassigned",54
"ASV_1337","Fungi","Mortierellomycota","Mortierellomycetes","Mortierellales","Unassigned","Unassigned","Unassigned",34
"ASV_2122","Fungi","Ascomycota","Pezizomycetes","Pezizales","Pyronemataceae","Unassigned","Unassigned",33
"ASV_1045","Fungi","Unassigned","Unassigned","Unassigned","Unassigned","Unassigned","Unassigned",25
"ASV_1844","Fungi","Ascomycota","Unassigned","Unassigned","Unassigned","Unassigned","Unassigned",21
"ASV_1441","Fungi","Ascomycota","Sordariomycetes","Hypocreales","Nectriaceae","Unassigned","Unassigned",33
"ASV_1444","Fungi","Ascomycota","Sordariomycetes","Coniochaetales","Coniochaetaceae","Lecythophora","Unassigned",33
"ASV_2590","Fungi","Ascomycota","Pezizomycetes","Pezizales","Pyronemataceae","Unassigned","Unassigned",41
"ASV_9997","Fungi","Unassigned","Unassigned","Unassigned","Unassigned","Unassigned","Unassigned",28
"ASV_3289","Fungi","Mortierellomycota","Mortierellomycetes","Mortierellales","Unassigned","Unassigned","Unassigned",57
"ASV_1768","Fungi","Unassigned","Unassigned","Unassigned","Unassigned","Unassigned","Unassigned",35
"ASV_977","Fungi","Ascomycota","Eurotiomycetes","Eurotiales","Aspergillaceae","Aspergillus","Aspergillus_terreus_SH1531274.08FU",34
"ASV_7426","Fungi","Ascomycota","Sordariomycetes","Microascales","Microascaceae","Unassigned","Unassigned",56
"ASV_960","Fungi","Ascomycota","Sordariomycetes","Sordariales","Sordariales_fam_Incertae_sedis","Unassigned","Unassigned",24
"ASV_1002","Fungi","Ascomycota","Eurotiomycetes","Eurotiales","Aspergillaceae","Aspergillus","Aspergillus_clavatus_SH1529997.08FU",28
"ASV_2818","Fungi","Unassigned","Unassigned","Unassigned","Unassigned","Unassigned","Unassigned",69
"ASV_911","Fungi","Unassigned","Unassigned","Unassigned","Unassigned","Unassigned","Unassigned",66
"ASV_2385","Fungi","Ascomycota","Eurotiomycetes","Eurotiales","Aspergillaceae","Aspergillus","Aspergillus_collinsii_SH1549941.08FU",51
"ASV_1787","Fungi","Unassigned","Unassigned","Unassigned","Unassigned","Unassigned","Unassigned",34
"ASV_1126","Fungi","Ascomycota","Unassigned","Unassigned","Unassigned","Unassigned","Unassigned",35
"ASV_1181","Fungi","Ascomycota","Sordariomycetes","Sordariales","Chaetomiaceae","Humicola","Humicola_phialophoroides_SH1615667.08FU",30
"ASV_954","Fungi","Ascomycota","Dothideomycetes","Capnodiales","Mycosphaerellaceae","Exutisphaerella","Unassigned",53
"ASV_1145","Fungi","Unassigned","Unassigned","Unassigned","Unassigned","Unassigned","Unassigned",37
"ASV_1005","Fungi","Ascomycota","Pezizomycetes","Pezizales","Pyronemataceae","Unassigned","Unassigned",47
"ASV_2364","Fungi","Basidiomycota","Wallemiomycetes","Wallemiales","Wallemiaceae","Wallemia","Unassigned",47
"ASV_2756","Fungi","Ascomycota","Eurotiomycetes","Chaetothyriales","Herpotrichiellaceae","Phialophora","Unassigned",59
"ASV_1807","Fungi","Unassigned","Unassigned","Unassigned","Unassigned","Unassigned","Unassigned",41
"ASV_8625","Fungi","Ascomycota","Eurotiomycetes","Eurotiales","Trichocomaceae","Unassigned","Unassigned",51
"ASV_1048","Fungi","Ascomycota","Eurotiomycetes","Eurotiales","Aspergillaceae","Aspergillus","Unassigned",43
"ASV_4102","Fungi","Unassigned","Unassigned","Unassigned","Unassigned","Unassigned","Unassigned",50
"ASV_1282","Fungi","Ascomycota","Unassigned","Unassigned","Unassigned","Unassigned","Unassigned",31
"ASV_937","Fungi","Unassigned","Unassigned","Unassigned","Unassigned","Unassigned","Unassigned",76
"ASV_2989","Fungi","Ascomycota","Sordariomycetes","Sordariales","Sordariaceae","Unassigned","Unassigned",28
"ASV_1069","Fungi","Unassigned","Unassigned","Unassigned","Unassigned","Unassigned","Unassigned",28
"ASV_10431","Fungi","Ascomycota","Sordariomycetes","Glomerellales","Plectosphaerellaceae","Lectera","Lectera_capsici_SH1644396.08FU",55
"ASV_1325","Fungi","Unassigned","Unassigned","Unassigned","Unassigned","Unassigned","Unassigned",35
"ASV_990","Fungi","Unassigned","Unassigned","Unassigned","Unassigned","Unassigned","Unassigned",41
"ASV_1014","Fungi","Unassigned","Unassigned","Unassigned","Unassigned","Unassigned","Unassigned",45
"ASV_9226","Fungi","Ascomycota","Dothideomycetes","Pleosporales","Cucurbitariaceae","Neocucurbitaria","Neocucurbitaria_vachelliae_SH1799163.08FU",17
"ASV_5693","Fungi","Ascomycota","Eurotiomycetes","Onygenales","Unassigned","Unassigned","Unassigned",51
"ASV_1518","Fungi","Unassigned","Unassigned","Unassigned","Unassigned","Unassigned","Unassigned",33
"ASV_2330","Fungi","Ascomycota","Sordariomycetes","Glomerellales","Plectosphaerellaceae","Unassigned","Unassigned",24
"ASV_1568","Fungi","Unassigned","Unassigned","Unassigned","Unassigned","Unassigned","Unassigned",28
"ASV_1386","Fungi","Ascomycota","Sordariomycetes","Hypocreales","Hypocreales_fam_Incertae_sedis","Acremonium","Acremonium_chrysogenum_SH1183130.08FU",56
"ASV_1510","Fungi","Ascomycota","Sordariomycetes","Unassigned","Unassigned","Unassigned","Unassigned",38
"ASV_1094","Fungi","Ascomycota","Sordariomycetes","Hypocreales","Clavicipitaceae","Metarhizium","Metarhizium_flavoviride_SH1562690.08FU",48
"ASV_2919","Fungi","Unassigned","Unassigned","Unassigned","Unassigned","Unassigned","Unassigned",24
"ASV_1032","Fungi","Unassigned","Unassigned","Unassigned","Unassigned","Unassigned","Unassigned",49
"ASV_1821","Fungi","Ascomycota","Sordariomycetes","Hypocreales","Hypocreales_fam_Incertae_sedis","Trichothecium","Trichothecium_roseum_SH1181153.08FU",24
"ASV_2972","Fungi","Ascomycota","Sordariomycetes","Sordariales","Sordariaceae","Unassigned","Unassigned",39
"ASV_1469","Fungi","Unassigned","Unassigned","Unassigned","Unassigned","Unassigned","Unassigned",27
"ASV_1764","Fungi","Ascomycota","Eurotiomycetes","Eurotiales","Aspergillaceae","Aspergillus","Aspergillus_japonicus_SH1609287.08FU",23
"ASV_2241","Fungi","Ascomycota","Sordariomycetes","Hypocreales","Nectriaceae","Fusicolla","Fusicolla_acetilerea_SH1546412.08FU",19
"ASV_2267","Fungi","Ascomycota","Sordariomycetes","Hypocreales","Unassigned","Unassigned","Unassigned",20
"ASV_4332","Fungi","Unassigned","Unassigned","Unassigned","Unassigned","Unassigned","Unassigned",37
"ASV_1610","Fungi","Basidiomycota","Cystobasidiomycetes","Unassigned","Unassigned","Unassigned","Unassigned",27
"ASV_1558","Fungi","Unassigned","Unassigned","Unassigned","Unassigned","Unassigned","Unassigned",43
"ASV_2366","Fungi","Ascomycota","Sordariomycetes","Hypocreales","Stachybotryaceae","Achroiostachys","Unassigned",21
"ASV_1601","Fungi","Rozellomycota","Unassigned","Unassigned","Unassigned","Unassigned","Unassigned",20
"ASV_1351","Fungi","Basidiomycota","Tremellomycetes","Tremellales","Bulleribasidiaceae","Dioszegia","Unassigned",35
"ASV_4047","Fungi","Ascomycota","Unassigned","Unassigned","Unassigned","Unassigned","Unassigned",51
"ASV_1025","Fungi","Unassigned","Unassigned","Unassigned","Unassigned","Unassigned","Unassigned",73
"ASV_1746","Fungi","Ascomycota","Sordariomycetes","Hypocreales","Unassigned","Unassigned","Unassigned",31
"ASV_2173","Fungi","Ascomycota","Sordariomycetes","Hypocreales","Hypocreaceae","Monocillium","Monocillium_griseo-ochraceum_SH1560523.08FU",26
"ASV_1117","Fungi","Ascomycota","Dothideomycetes","Botryosphaeriales","Botryosphaeriaceae","Lasiodiplodia","Lasiodiplodia_theobromae_SH2131006.08FU",46
"ASV_1559","Fungi","Ascomycota","Pezizomycetes","Pezizales","Tuberaceae","Unassigned","Unassigned",24
"ASV_1151","Fungi","Unassigned","Unassigned","Unassigned","Unassigned","Unassigned","Unassigned",39
"ASV_1217","Fungi","Ascomycota","Pezizomycetes","Pezizales","Ascodesmidaceae","Cephaliophora","Unassigned",38
"ASV_5262","Fungi","Unassigned","Unassigned","Unassigned","Unassigned","Unassigned","Unassigned",48
"ASV_1598","Fungi","Unassigned","Unassigned","Unassigned","Unassigned","Unassigned","Unassigned",19
"ASV_2354","Fungi","Unassigned","Unassigned","Unassigned","Unassigned","Unassigned","Unassigned",36
"ASV_1306","Fungi","Unassigned","Unassigned","Unassigned","Unassigned","Unassigned","Unassigned",32
"ASV_1271","Fungi","Unassigned","Unassigned","Unassigned","Unassigned","Unassigned","Unassigned",67
"ASV_1814","Fungi","Mortierellomycota","Mortierellomycetes","Mortierellales","Mortierellaceae","Mortierella","Mortierella_alpina_SH1650283.08FU",31
"ASV_1185","Fungi","Unassigned","Unassigned","Unassigned","Unassigned","Unassigned","Unassigned",42
"ASV_1099","Fungi","Ascomycota","Sordariomycetes","Hypocreales","Unassigned","Unassigned","Unassigned",66
"ASV_1150","Fungi","Ascomycota","Unassigned","Unassigned","Unassigned","Unassigned","Unassigned",25
"ASV_1092","Fungi","Ascomycota","Dothideomycetes","Capnodiales","Cladosporiaceae","Cladosporium","Unassigned",54
"ASV_1226","Fungi","Chytridiomycota","Unassigned","Unassigned","Unassigned","Unassigned","Unassigned",29
"ASV_3117","Fungi","Ascomycota","Sordariomycetes","Sordariales","Unassigned","Unassigned","Unassigned",27
"ASV_1215","Fungi","Ascomycota","Dothideomycetes","Unassigned","Unassigned","Unassigned","Unassigned",43
"ASV_1649","Fungi","Unassigned","Unassigned","Unassigned","Unassigned","Unassigned","Unassigned",38
"ASV_1596","Fungi","Ascomycota","Sordariomycetes","Hypocreales","Stachybotryaceae","Myrothecium","Myrothecium_roridum_SH1183129.08FU",27
"ASV_4064","Fungi","Unassigned","Unassigned","Unassigned","Unassigned","Unassigned","Unassigned",36
"ASV_1717","Fungi","Unassigned","Unassigned","Unassigned","Unassigned","Unassigned","Unassigned",21
"ASV_2212","Fungi","Ascomycota","Sordariomycetes","Hypocreales","Nectriaceae","Stephanonectria","Stephanonectria_keithii_SH1522830.08FU",20
"ASV_1532","Fungi","Unassigned","Unassigned","Unassigned","Unassigned","Unassigned","Unassigned",20
"ASV_1563","Fungi","Aphelidiomycota","Aphelidiomycetes","GS16","Unassigned","Unassigned","Unassigned",27
"ASV_1244","Fungi","Unassigned","Unassigned","Unassigned","Unassigned","Unassigned","Unassigned",41
"ASV_1232","Fungi","Ascomycota","Dothideomycetes","Unassigned","Unassigned","Unassigned","Unassigned",33
"ASV_1139","Fungi","Unassigned","Unassigned","Unassigned","Unassigned","Unassigned","Unassigned",37
"ASV_1286","Fungi","Ascomycota","Sordariomycetes","Sordariales","Sordariales_fam_Incertae_sedis","Unassigned","Unassigned",24
"ASV_1427","Fungi","Mortierellomycota","Mortierellomycetes","Mortierellales","Mortierellaceae","Mortierella","Unassigned",24
"ASV_1628","Fungi","Ascomycota","Dothideomycetes","Pleosporales","Unassigned","Unassigned","Unassigned",19
"ASV_1177","Fungi","Basidiomycota","Microbotryomycetes","Microbotryomycetes_ord_Incertae_sedis","Microbotryomycetes_fam_Incertae_sedis","Colacogloea","Colacogloea_terpenoidalis_SH1575132.08FU",26
"ASV_2407","Fungi","Rozellomycota","Rozellomycotina_cls_Incertae_sedis","GS11","Unassigned","Unassigned","Unassigned",40
"ASV_1307","Fungi","Ascomycota","Dothideomycetes","Pleosporales","Torulaceae","Torula","Torula_hollandica_SH1560800.08FU",36
"ASV_1767","Fungi","Ascomycota","Sordariomycetes","Sordariales","Sordariaceae","Unassigned","Unassigned",25
"ASV_1249","Fungi","Unassigned","Unassigned","Unassigned","Unassigned","Unassigned","Unassigned",47
"ASV_1334","Fungi","Unassigned","Unassigned","Unassigned","Unassigned","Unassigned","Unassigned",21
"ASV_1220","Fungi","Mortierellomycota","Mortierellomycetes","Mortierellales","Mortierellaceae","Mortierella","Unassigned",43
"ASV_1223","Fungi","Ascomycota","Laboulbeniomycetes","Pyxidiophorales","Unassigned","Unassigned","Unassigned",25
"ASV_1199","Fungi","Unassigned","Unassigned","Unassigned","Unassigned","Unassigned","Unassigned",32
"ASV_8242","Fungi","Unassigned","Unassigned","Unassigned","Unassigned","Unassigned","Unassigned",23
"ASV_1256","Fungi","Basidiomycota","Agaricomycetes","Agaricales","Physalacriaceae","Armillaria","Unassigned",30
"ASV_1231","Fungi","Unassigned","Unassigned","Unassigned","Unassigned","Unassigned","Unassigned",32
"ASV_1403","Fungi","Ascomycota","Dothideomycetes","Pleosporales","Unassigned","Unassigned","Unassigned",62
"ASV_1262","Fungi","Unassigned","Unassigned","Unassigned","Unassigned","Unassigned","Unassigned",44
"ASV_8379","Fungi","Ascomycota","Sordariomycetes","Microascales","Microascaceae","Microascus","Microascus_croci_SH1510414.08FU",26
"ASV_1267","Fungi","Unassigned","Unassigned","Unassigned","Unassigned","Unassigned","Unassigned",34
"ASV_1281","Fungi","Ascomycota","Unassigned","Unassigned","Unassigned","Unassigned","Unassigned",38
"ASV_3328","Fungi","Ascomycota","Pezizomycetes","Pezizales","Pyronemataceae","Unassigned","Unassigned",30
"ASV_1373","Fungi","Unassigned","Unassigned","Unassigned","Unassigned","Unassigned","Unassigned",47
"ASV_1659","Fungi","Ascomycota","Unassigned","Unassigned","Unassigned","Unassigned","Unassigned",28
"ASV_3009","Fungi","Unassigned","Unassigned","Unassigned","Unassigned","Unassigned","Unassigned",41
"ASV_1238","Fungi","Mortierellomycota","Mortierellomycetes","Unassigned","Unassigned","Unassigned","Unassigned",39
"ASV_1242","Fungi","Ascomycota","Dothideomycetes","Unassigned","Unassigned","Unassigned","Unassigned",34
"ASV_1259","Fungi","Ascomycota","Unassigned","Unassigned","Unassigned","Unassigned","Unassigned",41
"ASV_1650","Fungi","Rozellomycota","Unassigned","Unassigned","Unassigned","Unassigned","Unassigned",17
"ASV_2496","Fungi","Mortierellomycota","Mortierellomycetes","Mortierellales","Mortierellaceae","Mortierella","Unassigned",34
"ASV_1985","Fungi","Unassigned","Unassigned","Unassigned","Unassigned","Unassigned","Unassigned",17
"ASV_2147","Fungi","Unassigned","Unassigned","Unassigned","Unassigned","Unassigned","Unassigned",20
"ASV_9105","Fungi","Unassigned","Unassigned","Unassigned","Unassigned","Unassigned","Unassigned",24
"ASV_1273","Fungi","Unassigned","Unassigned","Unassigned","Unassigned","Unassigned","Unassigned",33
"ASV_1305","Fungi","Unassigned","Unassigned","Unassigned","Unassigned","Unassigned","Unassigned",32
"ASV_3189","Fungi","Basidiomycota","Tremellomycetes","Tremellales","Bulleribasidiaceae","Dioszegia","Unassigned",39
"ASV_1278","Fungi","Ascomycota","Sordariomycetes","Hypocreales","Stachybotryaceae","Myrothecium","Unassigned",32
"ASV_7018","Fungi","Ascomycota","Sordariomycetes","Unassigned","Unassigned","Unassigned","Unassigned",54
"ASV_1394","Fungi","Ascomycota","Sordariomycetes","Sordariales","Sordariales_fam_Incertae_sedis","Madurella","Unassigned",39
"ASV_1296","Fungi","Ascomycota","Sordariomycetes","Togniniales","Togniniaceae","Phaeoacremonium","Unassigned",40
"ASV_10682","Fungi","Unassigned","Unassigned","Unassigned","Unassigned","Unassigned","Unassigned",25
"ASV_1423","Fungi","Unassigned","Unassigned","Unassigned","Unassigned","Unassigned","Unassigned",33
"ASV_1798","Fungi","Ascomycota","Sordariomycetes","Unassigned","Unassigned","Unassigned","Unassigned",31
"ASV_1332","Fungi","Unassigned","Unassigned","Unassigned","Unassigned","Unassigned","Unassigned",39
"ASV_1368","Fungi","Unassigned","Unassigned","Unassigned","Unassigned","Unassigned","Unassigned",41
"ASV_1405","Fungi","Unassigned","Unassigned","Unassigned","Unassigned","Unassigned","Unassigned",24
"ASV_1326","Fungi","Unassigned","Unassigned","Unassigned","Unassigned","Unassigned","Unassigned",33
"ASV_1396","Fungi","Ascomycota","Eurotiomycetes","Onygenales","Onygenaceae","Uncinocarpus","Uncinocarpus_reesii_SH1540410.08FU",29
"ASV_4947","Fungi","Unassigned","Unassigned","Unassigned","Unassigned","Unassigned","Unassigned",22
"ASV_1429","Fungi","Ascomycota","Unassigned","Unassigned","Unassigned","Unassigned","Unassigned",46
"ASV_1369","Fungi","Ascomycota","Sordariomycetes","Togniniales","Togniniaceae","Phaeoacremonium","Unassigned",29
"ASV_1461","Fungi","Ascomycota","Sordariomycetes","Glomerellales","Plectosphaerellaceae","Verticillium","Verticillium_longisporum_SH1881327.08FU",50
"ASV_1360","Fungi","Unassigned","Unassigned","Unassigned","Unassigned","Unassigned","Unassigned",26
"ASV_1872","Fungi","Ascomycota","Sordariomycetes","Hypocreales","Hypocreaceae","Trichoderma","Trichoderma_longibrachiatum_SH2303506.08FU",30
"ASV_1838","Fungi","Ascomycota","Sordariomycetes","Microascales","Microascaceae","Microascus","Microascus_brevicaulis_SH1650169.08FU",37
"ASV_1899","Fungi","Ascomycota","Sordariomycetes","Microascales","Microascaceae","Microascus","Microascus_brevicaulis_SH1650169.08FU",32
"ASV_1417","Fungi","Ascomycota","Unassigned","Unassigned","Unassigned","Unassigned","Unassigned",41
"ASV_5853","Fungi","Unassigned","Unassigned","Unassigned","Unassigned","Unassigned","Unassigned",45
"ASV_1632","Fungi","Ascomycota","Dothideomycetes","Pleosporales","Phaeosphaeriaceae","Leptospora","Leptospora_rubella_SH1595854.08FU",25
"ASV_2020","Fungi","Ascomycota","Sordariomycetes","Unassigned","Unassigned","Unassigned","Unassigned",19
"ASV_1452","Fungi","Unassigned","Unassigned","Unassigned","Unassigned","Unassigned","Unassigned",39
"ASV_1409","Fungi","Ascomycota","Leotiomycetes","Thelebolales","Thelebolaceae","Unassigned","Unassigned",47
"ASV_6203","Fungi","Ascomycota","Sordariomycetes","Microascales","Microascaceae","Unassigned","Unassigned",27
"ASV_4197","Fungi","Ascomycota","Sordariomycetes","Sordariales","Sordariaceae","Unassigned","Unassigned",22
"ASV_1419","Fungi","Ascomycota","Sordariomycetes","Hypocreales","Stachybotryaceae","Myrothecium","Unassigned",24
"ASV_1387","Fungi","Ascomycota","Leotiomycetes","Thelebolales","Thelebolaceae","Unassigned","Unassigned",29
"ASV_1782","Fungi","Unassigned","Unassigned","Unassigned","Unassigned","Unassigned","Unassigned",17
"ASV_1398","Fungi","Unassigned","Unassigned","Unassigned","Unassigned","Unassigned","Unassigned",45
"ASV_1436","Fungi","Ascomycota","Pezizomycetes","Pezizales","Ascodesmidaceae","Cephaliophora","Unassigned",25
"ASV_7759","Fungi","Ascomycota","Sordariomycetes","Unassigned","Unassigned","Unassigned","Unassigned",20
"ASV_1439","Fungi","Ascomycota","Sordariomycetes","Sordariales","Chaetomiaceae","Zopfiella","Unassigned",27
"ASV_6262","Fungi","Unassigned","Unassigned","Unassigned","Unassigned","Unassigned","Unassigned",45
"ASV_6868","Fungi","Unassigned","Unassigned","Unassigned","Unassigned","Unassigned","Unassigned",19
"ASV_1719","Fungi","Unassigned","Unassigned","Unassigned","Unassigned","Unassigned","Unassigned",32
"ASV_2830","Fungi","Chytridiomycota","Unassigned","Unassigned","Unassigned","Unassigned","Unassigned",24
"ASV_6029","Fungi","Unassigned","Unassigned","Unassigned","Unassigned","Unassigned","Unassigned",33
"ASV_1595","Fungi","Ascomycota","Eurotiomycetes","Unassigned","Unassigned","Unassigned","Unassigned",19
"ASV_2042","Fungi","Ascomycota","Dothideomycetes","Pleosporales","Unassigned","Unassigned","Unassigned",25
"ASV_1791","Fungi","Ascomycota","Saccharomycetes","Saccharomycetales","Dipodascaceae","Unassigned","Unassigned",21
"ASV_3884","Fungi","Unassigned","Unassigned","Unassigned","Unassigned","Unassigned","Unassigned",20
"ASV_1464","Fungi","Unassigned","Unassigned","Unassigned","Unassigned","Unassigned","Unassigned",53
"ASV_2656","Fungi","Basidiomycota","Tremellomycetes","Tremellales","Bulleribasidiaceae","Dioszegia","Dioszegia_zsoltii_var._yunnanensis_SH1609777.08FU",19
"ASV_1949","Fungi","Ascomycota","Eurotiomycetes","Eurotiales","Aspergillaceae","Penicillium","Unassigned",17
"ASV_2648","Fungi","Mortierellomycota","Mortierellomycetes","Mortierellales","Mortierellaceae","Unassigned","Unassigned",27
"ASV_2338","Fungi","Ascomycota","Sordariomycetes","Hypocreales","Hypocreales_fam_Incertae_sedis","Unassigned","Unassigned",20
"ASV_3128","Fungi","Ascomycota","Dothideomycetes","Pleosporales","Torulaceae","Torula","Torula_hollandica_SH1560800.08FU",21
"ASV_5079","Fungi","Ascomycota","Dothideomycetes","Pleosporales","Pleosporaceae","Stemphylium","Stemphylium_vesicarium_SH2590841.08FU",21
"ASV_1546","Fungi","Mortierellomycota","Mortierellomycetes","Mortierellales","Mortierellaceae","Mortierella","Unassigned",30
"ASV_1561","Fungi","Ascomycota","Sordariomycetes","Microascales","Microascales_fam_Incertae_sedis","Cephalotrichiella","Cephalotrichiella_penicillata_SH1516815.08FU",23
"ASV_1674","Fungi","Ascomycota","Leotiomycetes","Helotiales","Unassigned","Unassigned","Unassigned",29
"ASV_1499","Fungi","Unassigned","Unassigned","Unassigned","Unassigned","Unassigned","Unassigned",32
"ASV_1851","Fungi","Unassigned","Unassigned","Unassigned","Unassigned","Unassigned","Unassigned",37
"ASV_2274","Fungi","Ascomycota","Unassigned","Unassigned","Unassigned","Unassigned","Unassigned",49
"ASV_2246","Fungi","Ascomycota","Sordariomycetes","Hypocreales","Hypocreales_fam_Incertae_sedis","Acremonium","Acremonium_brachypenium_SH1560659.08FU",29
"ASV_1627","Fungi","Unassigned","Unassigned","Unassigned","Unassigned","Unassigned","Unassigned",27
"ASV_1655","Fungi","Ascomycota","Sordariomycetes","Hypocreales","Hypocreales_fam_Incertae_sedis","Unassigned","Unassigned",25
"ASV_5551","Fungi","Ascomycota","Sordariomycetes","Glomerellales","Plectosphaerellaceae","Lectera","Lectera_capsici_SH1644396.08FU",21
"ASV_5728","Fungi","Unassigned","Unassigned","Unassigned","Unassigned","Unassigned","Unassigned",22
"ASV_6465","Fungi","Ascomycota","Eurotiomycetes","Onygenales","Onygenales_fam_Incertae_sedis","Chrysosporium","Chrysosporium_shanxiense_SH1740466.08FU",29
"ASV_2286","Fungi","Mortierellomycota","Mortierellomycetes","Mortierellales","Mortierellaceae","Unassigned","Unassigned",28
"ASV_1905","Fungi","Ascomycota","Sordariomycetes","Hypocreales","Nectriaceae","Unassigned","Unassigned",19
"ASV_1708","Fungi","Rozellomycota","Rozellomycotina_cls_Incertae_sedis","GS11","Unassigned","Unassigned","Unassigned",32
"ASV_1604","Fungi","Unassigned","Unassigned","Unassigned","Unassigned","Unassigned","Unassigned",21
"ASV_4970","Fungi","Mortierellomycota","Mortierellomycetes","Mortierellales","Mortierellaceae","Mortierella","Unassigned",28
"ASV_1692","Fungi","Unassigned","Unassigned","Unassigned","Unassigned","Unassigned","Unassigned",19
"ASV_1759","Fungi","Ascomycota","Sordariomycetes","Glomerellales","Plectosphaerellaceae","Verticillium","Verticillium_isaacii_SH2164817.08FU",25
"ASV_1675","Fungi","Unassigned","Unassigned","Unassigned","Unassigned","Unassigned","Unassigned",25
"ASV_1751","Fungi","Ascomycota","Dothideomycetes","Pleosporales","Unassigned","Unassigned","Unassigned",22
"ASV_1671","Fungi","Ascomycota","Unassigned","Unassigned","Unassigned","Unassigned","Unassigned",23
"ASV_1924","Fungi","Mortierellomycota","Mortierellomycetes","Mortierellales","Unassigned","Unassigned","Unassigned",19
"ASV_1946","Fungi","Ascomycota","Sordariomycetes","Glomerellales","Glomerellaceae","Colletotrichum","Colletotrichum_destructivum_SH2219021.08FU",17
"ASV_3519","Fungi","Ascomycota","Pezizomycetes","Pezizales","Pyronemataceae","Unassigned","Unassigned",26
"ASV_1871","Fungi","Ascomycota","Sordariomycetes","Glomerellales","Glomerellaceae","Colletotrichum","Unassigned",18
"ASV_6199","Fungi","Unassigned","Unassigned","Unassigned","Unassigned","Unassigned","Unassigned",29
"ASV_1696","Fungi","Mortierellomycota","Mortierellomycetes","Mortierellales","Mortierellaceae","Mortierella","Unassigned",24
"ASV_1819","Fungi","Ascomycota","Unassigned","Unassigned","Unassigned","Unassigned","Unassigned",28
"ASV_2084","Fungi","Unassigned","Unassigned","Unassigned","Unassigned","Unassigned","Unassigned",19
"ASV_1713","Fungi","Unassigned","Unassigned","Unassigned","Unassigned","Unassigned","Unassigned",23
"ASV_1779","Fungi","Ascomycota","Dothideomycetes","Capnodiales","Cladosporiaceae","Cladosporium","Unassigned",30
"ASV_1765","Fungi","Ascomycota","Sordariomycetes","Sordariales","Sordariales_fam_Incertae_sedis","Madurella","Unassigned",23
"ASV_1729","Fungi","Ascomycota","Dothideomycetes","Pleosporales","Phaeosphaeriaceae","Unassigned","Unassigned",29
"ASV_4082","Fungi","Ascomycota","Pezizomycetes","Pezizales","Pyronemataceae","Unassigned","Unassigned",26
"ASV_1902","Fungi","Unassigned","Unassigned","Unassigned","Unassigned","Unassigned","Unassigned",30
"ASV_2780","Fungi","Ascomycota","Sordariomycetes","Hypocreales","Hypocreales_fam_Incertae_sedis","Unassigned","Unassigned",21
"ASV_1758","Fungi","Unassigned","Unassigned","Unassigned","Unassigned","Unassigned","Unassigned",22
"ASV_2081","Fungi","Unassigned","Unassigned","Unassigned","Unassigned","Unassigned","Unassigned",22
"ASV_1813","Fungi","Ascomycota","Unassigned","Unassigned","Unassigned","Unassigned","Unassigned",31
"ASV_1778","Fungi","Unassigned","Unassigned","Unassigned","Unassigned","Unassigned","Unassigned",28
"ASV_4955","Fungi","Ascomycota","Sordariomycetes","Hypocreales","Hypocreales_fam_Incertae_sedis","Unassigned","Unassigned",19
"ASV_1783","Fungi","Unassigned","Unassigned","Unassigned","Unassigned","Unassigned","Unassigned",21
"ASV_2003","Fungi","Unassigned","Unassigned","Unassigned","Unassigned","Unassigned","Unassigned",37
"ASV_1806","Fungi","Unassigned","Unassigned","Unassigned","Unassigned","Unassigned","Unassigned",31
"ASV_1839","Fungi","Unassigned","Unassigned","Unassigned","Unassigned","Unassigned","Unassigned",28
"ASV_5227","Fungi","Unassigned","Unassigned","Unassigned","Unassigned","Unassigned","Unassigned",20
"ASV_1970","Fungi","Unassigned","Unassigned","Unassigned","Unassigned","Unassigned","Unassigned",24
"ASV_3798","Fungi","Ascomycota","Leotiomycetes","Helotiales","Vibrisseaceae","Phialocephala","Phialocephala_humicola_SH1517984.08FU",21
"ASV_2061","Fungi","Ascomycota","Unassigned","Unassigned","Unassigned","Unassigned","Unassigned",25
"ASV_2079","Fungi","Ascomycota","Leotiomycetes","Thelebolales","Thelebolaceae","Unassigned","Unassigned",18
"ASV_4602","Fungi","Ascomycota","Sordariomycetes","Microascales","Microascaceae","Microascus","Microascus_brevicaulis_SH1650169.08FU",24
"ASV_1959","Fungi","Ascomycota","Leotiomycetes","Thelebolales","Thelebolaceae","Unassigned","Unassigned",24
"ASV_1892","Fungi","Rozellomycota","Rozellomycotina_cls_Incertae_sedis","GS11","Unassigned","Unassigned","Unassigned",20
"ASV_1878","Fungi","Ascomycota","Sordariomycetes","Unassigned","Unassigned","Unassigned","Unassigned",21
"ASV_1908","Fungi","Basidiomycota","Tremellomycetes","Tremellales","Bulleribasidiaceae","Dioszegia","Unassigned",19
"ASV_7855","Fungi","Unassigned","Unassigned","Unassigned","Unassigned","Unassigned","Unassigned",30
"ASV_2480","Fungi","Aphelidiomycota","Aphelidiomycetes","GS16","Unassigned","Unassigned","Unassigned",23
"ASV_1926","Fungi","Unassigned","Unassigned","Unassigned","Unassigned","Unassigned","Unassigned",25
"ASV_2039","Fungi","Ascomycota","Eurotiomycetes","Onygenales","Onygenaceae","Uncinocarpus","Uncinocarpus_reesii_SH1540410.08FU",25
"ASV_2272","Fungi","Unassigned","Unassigned","Unassigned","Unassigned","Unassigned","Unassigned",19
"ASV_2026","Fungi","Ascomycota","Sordariomycetes","Hypocreales","Hypocreales_fam_Incertae_sedis","Acremonium","Acremonium_citrinum_SH1569892.08FU",19
"ASV_1893","Fungi","Unassigned","Unassigned","Unassigned","Unassigned","Unassigned","Unassigned",31
"ASV_2103","Fungi","Ascomycota","Sordariomycetes","Sordariales","Lasiosphaeriaceae","Unassigned","Unassigned",22
"ASV_1910","Fungi","Ascomycota","Sordariomycetes","Hypocreales","Stachybotryaceae","Myrothecium","Unassigned",17
"ASV_8484","Fungi","Ascomycota","Sordariomycetes","Sordariales","Sordariaceae","Unassigned","Unassigned",17
"ASV_2156","Fungi","Unassigned","Unassigned","Unassigned","Unassigned","Unassigned","Unassigned",21
"ASV_3584","Fungi","Unassigned","Unassigned","Unassigned","Unassigned","Unassigned","Unassigned",24
"ASV_4755","Fungi","Ascomycota","Sordariomycetes","Glomerellales","Plectosphaerellaceae","Lectera","Lectera_capsici_SH1644396.08FU",18
"ASV_1971","Fungi","Ascomycota","Sordariomycetes","Glomerellales","Unassigned","Unassigned","Unassigned",25
"ASV_2077","Fungi","Unassigned","Unassigned","Unassigned","Unassigned","Unassigned","Unassigned",21
"ASV_2128","Fungi","Unassigned","Unassigned","Unassigned","Unassigned","Unassigned","Unassigned",17
"ASV_3483","Fungi","Ascomycota","Sordariomycetes","Sordariales","Chaetomiaceae","Unassigned","Unassigned",21
"ASV_3466","Fungi","Unassigned","Unassigned","Unassigned","Unassigned","Unassigned","Unassigned",20
"ASV_2051","Fungi","Basidiomycota","Agaricomycetes","Unassigned","Unassigned","Unassigned","Unassigned",22
"ASV_5068","Fungi","Ascomycota","Eurotiomycetes","Onygenales","Gymnoascaceae","Arachniotus","Arachniotus_dankaliensis_SH1538794.08FU",24
"ASV_440","Fungi","Ascomycota","Dothideomycetes","Pleosporales","Phaeosphaeriaceae","Unassigned","Unassigned",19
"ASV_2309","Fungi","Unassigned","Unassigned","Unassigned","Unassigned","Unassigned","Unassigned",24
"ASV_3972","Fungi","Ascomycota","Pezizomycetes","Pezizales","Ascodesmidaceae","Cephaliophora","Unassigned",17
"ASV_2121","Fungi","Unassigned","Unassigned","Unassigned","Unassigned","Unassigned","Unassigned",19
"ASV_2093","Fungi","Ascomycota","Sordariomycetes","Coniochaetales","Coniochaetaceae","Lecythophora","Unassigned",22
"ASV_2308","Fungi","Unassigned","Unassigned","Unassigned","Unassigned","Unassigned","Unassigned",19
"ASV_2229","Fungi","Ascomycota","Dothideomycetes","Capnodiales","Mycosphaerellaceae","Exutisphaerella","Unassigned",23
"ASV_2346","Fungi","Basidiomycota","Agaricomycetes","Thelephorales","Thelephoraceae","Tomentella","Unassigned",22
"ASV_2887","Fungi","Ascomycota","Sordariomycetes","Unassigned","Unassigned","Unassigned","Unassigned",17
"ASV_3885","Fungi","Unassigned","Unassigned","Unassigned","Unassigned","Unassigned","Unassigned",21
"ASV_2998","Fungi","Unassigned","Unassigned","Unassigned","Unassigned","Unassigned","Unassigned",19
"ASV_2163","Fungi","Ascomycota","Unassigned","Unassigned","Unassigned","Unassigned","Unassigned",22
"ASV_2290","Fungi","Aphelidiomycota","Aphelidiomycetes","Unassigned","Unassigned","Unassigned","Unassigned",21
"ASV_2334","Fungi","Unassigned","Unassigned","Unassigned","Unassigned","Unassigned","Unassigned",18
"ASV_2761","Fungi","Unassigned","Unassigned","Unassigned","Unassigned","Unassigned","Unassigned",23
"ASV_2322","Fungi","Ascomycota","Sordariomycetes","Sordariales","Sordariales_fam_Incertae_sedis","Unassigned","Unassigned",20
"ASV_2463","Fungi","Unassigned","Unassigned","Unassigned","Unassigned","Unassigned","Unassigned",20
"ASV_2363","Fungi","Ascomycota","Sordariomycetes","Boliniales","Unassigned","Unassigned","Unassigned",21
"ASV_4805","Fungi","Unassigned","Unassigned","Unassigned","Unassigned","Unassigned","Unassigned",23
"ASV_3703","Fungi","Unassigned","Unassigned","Unassigned","Unassigned","Unassigned","Unassigned",17
"ASV_3269","Fungi","Ascomycota","Sordariomycetes","Microascales","Microascaceae","Microascus","Microascus_brevicaulis_SH1650169.08FU",17
"ASV_2490","Fungi","Basidiomycota","Agaricostilbomycetes","Unassigned","Unassigned","Unassigned","Unassigned",19
"ASV_2632","Fungi","Rozellomycota","Rozellomycotina_cls_Incertae_sedis","GS11","Unassigned","Unassigned","Unassigned",19
"ASV_2622","Fungi","Mortierellomycota","Mortierellomycetes","Mortierellales","Unassigned","Unassigned","Unassigned",19
"ASV_2794","Fungi","Basidiomycota","Agaricomycetes","Thelephorales","Thelephoraceae","Tomentella","Unassigned",20
"ASV_2712","Fungi","Rozellomycota","Unassigned","Unassigned","Unassigned","Unassigned","Unassigned",18
"ASV_2659","Fungi","Basidiomycota","Agaricomycetes","Unassigned","Unassigned","Unassigned","Unassigned",17
"ASV_2615","Fungi","Unassigned","Unassigned","Unassigned","Unassigned","Unassigned","Unassigned",18
"ASV_2809","Fungi","Ascomycota","Pezizomycetes","Pezizales","Ascodesmidaceae","Cephaliophora","Unassigned",20
"ASV_5522","Fungi","Basidiomycota","Agaricomycetes","Agaricales","Unassigned","Unassigned","Unassigned",18
"ASV_3485","Fungi","Ascomycota","Sordariomycetes","Sordariales","Chaetomiaceae","Unassigned","Unassigned",19
