"","Means","SD"
"num.edges",6849,0
"num.pos.edges",0,0
"num.neg.edges",0,0
"num.vertices",596,0
"connectance",0.0386272629857312,0
"average.degree",22.9832214765101,0
"average.path.length",2.35734078732164,0.000991893578565657
"diameter",3.547,0.498035178515573
"edge.connectivity",9.913,1.30657496460714
"clustering.coefficient",0.0386372524893023,0.000854523985052167
"no.clusters",1,0
"centralization.degree",0.0263105521403192,0.00339189021433851
"centralization.betweenness",0.0039412600747707,0.000643696934671268
"centralization.closeness",0.087929055139765,0.00901468001601228
