sampleID	group	Group1	Treat	Pathogen
BacB1	day1	BacCK	Bac	CK
BacB2	day1	BacCK	Bac	CK
BacB3	day1	BacCK	Bac	CK
BacC3	day28	BacCK	Bac	CK
BacD1	day35	BacCK	Bac	CK
BacD2	day35	BacCK	Bac	CK
BacD3	day35	BacCK	Bac	CK
BacF1	day42	BacCK	Bac	CK
BacF2	day42	BacCK	Bac	CK
BacF3	day42	BacCK	Bac	CK
BacU1	day4	BacCK	Bac	CK
BacU2	day4	BacCK	Bac	CK
BacU3	day4	BacCK	Bac	CK
BacW1	day7	BacCK	Bac	CK
BacW2	day7	BacCK	Bac	CK
BacW3	day7	BacCK	Bac	CK
BacY1	day21	BacCK	Bac	CK
BacY2	day21	BacCK	Bac	CK
BacY3	day21	BacCK	Bac	CK
BacZ1	day14	BacCK	Bac	CK
BacZ2	day14	BacCK	Bac	CK
BacZ3	day14	BacCK	Bac	CK
