sampleID	group	Group1	Treat	Pathogen
AllPB1	day1	AllFol	All	Fol
AllPB2	day1	AllFol	All	Fol
AllPB3	day1	AllFol	All	Fol
AllPC1	day28	AllFol	All	Fol
AllPC2	day28	AllFol	All	Fol
AllPC3	day28	AllFol	All	Fol
AllPD1	day35	AllFol	All	Fol
AllPD2	day35	AllFol	All	Fol
AllPD3	day35	AllFol	All	Fol
AllPF1	day42	AllFol	All	Fol
AllPF2	day42	AllFol	All	Fol
AllPF3	day42	AllFol	All	Fol
AllPU1	day4	AllFol	All	Fol
AllPU2	day4	AllFol	All	Fol
AllPU3	day4	AllFol	All	Fol
AllPW1	day7	AllFol	All	Fol
AllPW2	day7	AllFol	All	Fol
AllPW3	day7	AllFol	All	Fol
AllPY1	day21	AllFol	All	Fol
AllPY2	day21	AllFol	All	Fol
AllPY3	day21	AllFol	All	Fol
AllPZ1	day14	AllFol	All	Fol
AllPZ2	day14	AllFol	All	Fol
AllPZ3	day14	AllFol	All	Fol