sampleID	group	Group1	Treat	Pathogen
AllB1	day1	AllCK	All	CK
AllB2	day1	AllCK	All	CK
AllB3	day1	AllCK	All	CK
AllC1	day28	AllCK	All	CK
AllC2	day28	AllCK	All	CK
AllC3	day28	AllCK	All	CK
AllD1	day35	AllCK	All	CK
AllD2	day35	AllCK	All	CK
AllD3	day35	AllCK	All	CK
AllF1	day42	AllCK	All	CK
AllF2	day42	AllCK	All	CK
AllF3	day42	AllCK	All	CK
AllU1	day4	AllCK	All	CK
AllU2	day4	AllCK	All	CK
AllU3	day4	AllCK	All	CK
AllW1	day7	AllCK	All	CK
AllW2	day7	AllCK	All	CK
AllW3	day7	AllCK	All	CK
AllY1	day21	AllCK	All	CK
AllY2	day21	AllCK	All	CK
AllY3	day21	AllCK	All	CK
AllZ1	day14	AllCK	All	CK
AllZ2	day14	AllCK	All	CK
AllZ3	day14	AllCK	All	CK
